Customer ID,Invoice,InvoiceDate,Quantity,Price
10023,500386,2026-05-08 00:00:00,4,42.61
10153,501206,2025-06-07 00:00:00,1,3.91
10109,501103,2026-05-05 00:00:00,1,7.98
10074,500938,2026-06-08 00:00:00,4,29.33
10073,500929,2025-11-18 00:00:00,4,14.72
10019,500325,2026-06-15 00:00:00,3,44.64
10012,500182,2025-11-22 00:00:00,1,37.87
10054,500782,2026-04-09 00:00:00,1,27.22
10048,500745,2026-07-16 00:00:00,1,30.39
10057,500813,2026-05-14 00:00:00,1,26.8
10019,500328,2026-07-11 00:00:00,5,49.0
10112,501117,2026-05-24 00:00:00,2,11.01
10016,500261,2026-03-16 00:00:00,5,53.73
10086,501002,2026-02-08 00:00:00,1,9.43
10008,500123,2026-06-15 00:00:00,3,43.17
10069,500893,2025-11-18 00:00:00,1,16.29
10020,500336,2025-12-28 00:00:00,4,40.4
10039,500662,2026-06-20 00:00:00,1,51.03
10090,501017,2026-05-01 00:00:00,2,20.3
10014,500227,2026-03-17 00:00:00,5,39.41
10020,500343,2026-06-10 00:00:00,2,21.28
10031,500520,2026-04-05 00:00:00,4,38.36
10077,500962,2026-07-12 00:00:00,1,20.69
10022,500367,2026-01-24 00:00:00,5,19.83
10073,500927,2025-10-25 00:00:00,4,29.65
10050,500756,2026-07-05 00:00:00,1,28.65
10031,500516,2026-02-18 00:00:00,4,55.5
10123,501160,2025-10-14 00:00:00,2,8.86
10056,500806,2026-06-10 00:00:00,1,17.59
10147,501197,2025-08-31 00:00:00,2,14.76
10031,500517,2026-02-26 00:00:00,4,20.58
10039,500648,2026-04-03 00:00:00,6,34.01
10060,500830,2026-05-26 00:00:00,4,14.02
10025,500420,2026-07-21 00:00:00,4,50.41
10013,500204,2026-02-16 00:00:00,2,54.32
10036,500613,2026-04-07 00:00:00,2,51.71
10016,500271,2026-05-08 00:00:00,6,52.95
10111,501110,2026-05-04 00:00:00,1,10.6
10135,501177,2025-10-28 00:00:00,1,17.33
10103,501074,2026-03-09 00:00:00,3,6.35
10006,500091,2026-05-21 00:00:00,2,56.91
10063,500860,2026-06-11 00:00:00,3,15.13
10003,500029,2026-04-15 00:00:00,3,16.87
10042,500687,2026-02-21 00:00:00,4,12.37
10069,500899,2026-05-29 00:00:00,3,11.51
10044,500710,2026-07-17 00:00:00,4,28.19
10069,500893,2025-11-18 00:00:00,2,18.45
10008,500126,2026-06-25 00:00:00,6,20.21
10014,500221,2025-11-22 00:00:00,1,44.36
10097,501046,2026-03-19 00:00:00,1,13.99
10033,500559,2026-04-09 00:00:00,6,48.96
10151,501203,2025-12-06 00:00:00,1,17.96
10024,500394,2026-05-04 00:00:00,5,51.54
10035,500595,2026-05-10 00:00:00,4,19.83
10072,500923,2026-06-10 00:00:00,3,28.3
10024,500405,2026-07-27 00:00:00,3,36.57
10105,501084,2026-04-23 00:00:00,2,8.31
10031,500529,2026-05-10 00:00:00,3,19.2
10093,501033,2026-03-30 00:00:00,1,14.02
10039,500658,2026-05-20 00:00:00,3,37.12
10094,501035,2026-01-26 00:00:00,1,9.98
10019,500312,2025-11-29 00:00:00,3,17.49
10020,500334,2025-10-15 00:00:00,4,58.36
10090,501015,2026-03-22 00:00:00,1,19.59
10036,500607,2026-02-02 00:00:00,1,24.98
10039,500665,2026-07-15 00:00:00,2,38.0
10016,500262,2026-03-17 00:00:00,2,45.05
10014,500234,2026-06-04 00:00:00,2,46.96
10098,501053,2026-01-30 00:00:00,2,20.66
10007,500098,2026-05-24 00:00:00,3,28.29
10055,500795,2026-05-28 00:00:00,3,33.16
10067,500879,2025-11-17 00:00:00,1,28.67
10114,501125,2026-02-21 00:00:00,1,18.67
10022,500371,2026-03-05 00:00:00,3,36.4
10013,500207,2026-03-31 00:00:00,1,38.16
10039,500662,2026-06-20 00:00:00,5,48.55
10008,500129,2026-06-30 00:00:00,2,15.66
10024,500398,2026-05-28 00:00:00,1,34.46
10033,500561,2026-04-14 00:00:00,1,44.18
10004,500059,2026-07-23 00:00:00,5,33.86
10098,501054,2026-02-10 00:00:00,2,19.36
10067,500885,2026-06-22 00:00:00,4,16.2
10036,500616,2026-07-05 00:00:00,4,24.53
10015,500255,2026-07-23 00:00:00,2,45.51
10011,500177,2026-07-19 00:00:00,4,57.99
10071,500908,2026-01-24 00:00:00,3,15.47
10069,500896,2025-12-16 00:00:00,4,18.54
10125,501164,2025-05-14 00:00:00,1,13.85
10067,500884,2026-05-25 00:00:00,3,23.99
10113,501120,2025-12-13 00:00:00,3,11.34
10029,500476,2026-07-05 00:00:00,3,25.1
10019,500328,2026-07-11 00:00:00,4,26.58
10031,500533,2026-07-04 00:00:00,2,55.22
10026,500433,2026-06-27 00:00:00,2,51.53
10156,501212,2025-10-04 00:00:00,1,8.41
10017,500279,2026-05-07 00:00:00,2,44.86
10144,501191,2025-09-11 00:00:00,2,7.61
10160,501218,2025-11-15 00:00:00,2,13.12
10114,501124,2026-01-18 00:00:00,1,10.68
10005,500072,2026-04-26 00:00:00,2,26.22
10073,500931,2025-12-17 00:00:00,3,12.52
10038,500635,2026-07-06 00:00:00,4,59.8
10014,500222,2025-12-28 00:00:00,1,49.42
10076,500951,2025-12-08 00:00:00,2,26.52
10089,501011,2025-10-18 00:00:00,1,10.63
10023,500377,2026-02-25 00:00:00,2,22.88
10024,500403,2026-07-22 00:00:00,3,31.72
10114,501127,2026-04-15 00:00:00,2,9.85
10076,500953,2026-02-09 00:00:00,2,16.85
10071,500913,2026-05-18 00:00:00,4,10.24
10013,500216,2026-06-27 00:00:00,2,41.14
10007,500108,2026-06-22 00:00:00,1,24.08
10014,500224,2026-02-14 00:00:00,1,59.21
10027,500440,2026-05-22 00:00:00,3,22.64
10033,500564,2026-06-07 00:00:00,2,28.15
10020,500331,2025-10-08 00:00:00,3,15.25
10021,500354,2026-04-15 00:00:00,6,46.72
10006,500094,2026-06-20 00:00:00,6,49.31
10002,500023,2026-05-11 00:00:00,1,28.57
10029,500486,2026-07-18 00:00:00,6,33.78
10029,500470,2026-06-29 00:00:00,6,21.99
10008,500126,2026-06-25 00:00:00,1,52.89
10029,500486,2026-07-18 00:00:00,1,42.62
10020,500335,2025-11-06 00:00:00,6,54.52
10124,501163,2026-01-06 00:00:00,1,8.38
10063,500856,2026-05-17 00:00:00,2,18.87
10037,500623,2026-01-14 00:00:00,2,21.79
10004,500053,2026-04-09 00:00:00,4,41.15
10075,500949,2026-06-17 00:00:00,1,25.98
10049,500748,2026-04-28 00:00:00,2,26.85
10047,500734,2026-05-20 00:00:00,1,12.24
10015,500254,2026-07-17 00:00:00,1,57.75
10025,500408,2026-04-29 00:00:00,1,21.08
10112,501113,2026-04-24 00:00:00,1,22.12
10071,500914,2026-06-14 00:00:00,3,19.26
10062,500847,2026-07-11 00:00:00,3,15.25
10106,501085,2025-12-18 00:00:00,3,22.93
10016,500270,2026-05-07 00:00:00,3,56.07
10017,500288,2026-06-22 00:00:00,3,50.44
10111,501108,2025-11-29 00:00:00,2,21.57
10091,501023,2026-01-26 00:00:00,3,10.36
10145,501192,2025-03-29 00:00:00,1,7.99
10015,500245,2026-06-18 00:00:00,3,21.88
10017,500287,2026-06-21 00:00:00,1,45.25
10018,500308,2026-07-11 00:00:00,5,22.74
10106,501085,2025-12-18 00:00:00,1,5.52
10046,500721,2026-05-07 00:00:00,4,19.34
10046,500719,2026-03-05 00:00:00,1,11.96
10009,500143,2026-02-20 00:00:00,4,30.33
10014,500239,2026-08-01 00:00:00,4,39.15
10008,500118,2026-05-21 00:00:00,6,33.4
10041,500685,2026-06-10 00:00:00,3,16.53
10025,500422,2026-07-31 00:00:00,3,47.48
10033,500550,2025-12-16 00:00:00,6,31.6
10073,500929,2025-11-18 00:00:00,4,33.97
10029,500476,2026-07-05 00:00:00,6,31.18
10039,500658,2026-05-20 00:00:00,6,26.07
10038,500636,2026-07-06 00:00:00,4,52.2
10112,501115,2026-05-15 00:00:00,1,13.23
10029,500474,2026-07-04 00:00:00,2,47.62
10007,500108,2026-06-22 00:00:00,1,37.7
10013,500210,2026-06-01 00:00:00,2,53.65
10033,500557,2026-04-01 00:00:00,3,20.7
10029,500471,2026-07-01 00:00:00,5,18.23
10063,500858,2026-05-20 00:00:00,4,23.06
10068,500887,2025-12-20 00:00:00,2,34.94
10018,500300,2026-04-06 00:00:00,3,24.94
10015,500246,2026-06-23 00:00:00,1,50.75
10036,500615,2026-06-01 00:00:00,3,17.29
10052,500768,2026-02-16 00:00:00,2,14.96
10035,500600,2026-07-02 00:00:00,5,47.33
10010,500151,2026-04-03 00:00:00,6,27.97
10023,500382,2026-04-15 00:00:00,3,32.64
10072,500922,2026-05-23 00:00:00,1,10.49
10008,500130,2026-06-30 00:00:00,5,53.54
10013,500212,2026-06-21 00:00:00,5,50.23
10031,500521,2026-04-06 00:00:00,2,42.59
10002,500015,2025-12-20 00:00:00,4,28.68
10119,501150,2026-04-19 00:00:00,1,16.59
10025,500414,2026-06-22 00:00:00,1,54.03
10007,500112,2026-07-05 00:00:00,4,42.73
10008,500122,2026-06-10 00:00:00,4,50.43
10007,500101,2026-05-30 00:00:00,1,44.26
10007,500103,2026-06-07 00:00:00,2,21.44
10031,500525,2026-04-29 00:00:00,2,59.59
10044,500702,2025-10-24 00:00:00,2,29.94
10011,500176,2026-07-12 00:00:00,6,50.44
10072,500917,2026-02-22 00:00:00,3,17.34
10047,500736,2026-05-30 00:00:00,4,16.65
10044,500710,2026-07-17 00:00:00,4,25.84
10085,501001,2026-05-21 00:00:00,1,5.86
10119,501150,2026-04-19 00:00:00,1,13.17
10062,500843,2026-03-26 00:00:00,4,33.77
10008,500131,2026-07-06 00:00:00,2,20.39
10034,500567,2025-12-20 00:00:00,3,38.48
10019,500319,2026-03-08 00:00:00,3,58.69
10036,500613,2026-04-07 00:00:00,2,19.76
10030,500498,2026-06-01 00:00:00,4,15.62
10043,500694,2026-05-04 00:00:00,3,24.92
10015,500245,2026-06-18 00:00:00,5,30.36
10092,501027,2026-01-08 00:00:00,2,13.55
10008,500133,2026-07-18 00:00:00,5,32.45
10120,501155,2026-04-02 00:00:00,1,14.06
10032,500540,2026-04-05 00:00:00,4,44.83
10022,500374,2026-07-23 00:00:00,5,58.23
10003,500035,2026-05-10 00:00:00,6,38.43
10139,501184,2025-12-06 00:00:00,1,14.6
10012,500185,2026-01-06 00:00:00,6,25.27
10090,501019,2026-05-28 00:00:00,1,16.82
10012,500194,2026-06-28 00:00:00,5,42.03
10030,500510,2026-07-12 00:00:00,4,34.06
10013,500215,2026-06-26 00:00:00,6,32.76
10004,500051,2026-03-11 00:00:00,1,15.63
10036,500618,2026-07-20 00:00:00,6,57.32
10050,500755,2026-06-09 00:00:00,3,8.13
10054,500781,2025-12-30 00:00:00,2,25.27
10074,500943,2026-07-08 00:00:00,2,22.17
10016,500273,2026-05-13 00:00:00,3,25.81
10039,500658,2026-05-20 00:00:00,4,55.28
10036,500614,2026-04-22 00:00:00,1,58.16
10069,500897,2026-04-22 00:00:00,1,29.04
10029,500477,2026-07-05 00:00:00,1,30.85
10078,500969,2026-06-23 00:00:00,1,33.08
10030,500512,2026-07-19 00:00:00,6,53.68
10077,500960,2026-04-08 00:00:00,3,29.72
10035,500588,2026-03-06 00:00:00,2,48.66
10055,500791,2026-04-18 00:00:00,1,10.17
10122,501158,2025-09-09 00:00:00,1,10.27
10009,500142,2026-02-19 00:00:00,5,53.34
10056,500802,2026-02-15 00:00:00,3,29.81
10031,500533,2026-07-04 00:00:00,2,34.17
10055,500795,2026-05-28 00:00:00,2,10.54
10029,500481,2026-07-09 00:00:00,3,22.95
10048,500743,2026-06-06 00:00:00,2,22.82
10021,500359,2026-06-29 00:00:00,4,58.97
10014,500239,2026-08-01 00:00:00,5,20.93
10028,500456,2026-04-30 00:00:00,1,21.94
10097,501050,2026-05-13 00:00:00,2,17.06
10011,500172,2026-06-24 00:00:00,4,25.86
10047,500728,2026-04-20 00:00:00,4,20.74
10072,500925,2026-06-24 00:00:00,3,9.64
10043,500700,2026-06-15 00:00:00,1,9.08
10055,500786,2026-01-05 00:00:00,1,10.6
10058,500816,2026-03-08 00:00:00,3,30.13
10040,500671,2026-06-16 00:00:00,6,25.19
10141,501187,2025-10-03 00:00:00,1,8.12
10017,500292,2026-07-19 00:00:00,1,34.63
10093,501031,2026-02-28 00:00:00,1,14.48
10048,500741,2026-04-25 00:00:00,1,24.37
10065,500868,2026-04-13 00:00:00,2,20.07
10023,500383,2026-04-20 00:00:00,2,20.89
10062,500849,2026-07-16 00:00:00,4,10.02
10005,500079,2026-06-26 00:00:00,2,21.29
10007,500107,2026-06-18 00:00:00,1,46.42
10073,500934,2026-01-27 00:00:00,4,16.36
10074,500939,2026-06-22 00:00:00,4,17.1
10127,501167,2025-10-30 00:00:00,2,12.01
10099,501058,2026-04-13 00:00:00,2,10.58
10010,500168,2026-07-14 00:00:00,3,37.36
10095,501037,2025-12-24 00:00:00,2,24.72
10113,501118,2025-10-26 00:00:00,3,19.67
10104,501076,2026-03-20 00:00:00,1,16.37
10014,500233,2026-05-23 00:00:00,2,23.08
10006,500087,2026-04-22 00:00:00,2,41.72
10073,500935,2026-04-27 00:00:00,1,21.81
10038,500637,2026-07-08 00:00:00,5,20.5
10152,501204,2025-10-25 00:00:00,1,7.87
10072,500918,2026-03-06 00:00:00,2,23.43
10030,500497,2026-05-30 00:00:00,4,27.58
10112,501117,2026-05-24 00:00:00,3,7.44
10018,500300,2026-04-06 00:00:00,6,54.28
10002,500025,2026-06-06 00:00:00,5,26.96
10003,500034,2026-05-10 00:00:00,6,40.73
10041,500682,2026-05-15 00:00:00,1,30.61
10002,500024,2026-05-21 00:00:00,1,55.89
10043,500697,2026-05-16 00:00:00,3,27.74
10109,501101,2026-02-02 00:00:00,1,5.41
10133,501175,2025-10-14 00:00:00,2,8.42
10025,500410,2026-05-22 00:00:00,6,53.1
10005,500067,2026-03-23 00:00:00,4,27.81
10036,500607,2026-02-02 00:00:00,6,45.56
10047,500737,2026-06-03 00:00:00,2,12.95
10035,500597,2026-05-30 00:00:00,5,23.91
10019,500319,2026-03-08 00:00:00,2,37.22
10019,500317,2026-03-05 00:00:00,2,29.58
10034,500569,2025-12-29 00:00:00,5,32.31
10020,500332,2025-10-14 00:00:00,5,29.88
10010,500163,2026-05-26 00:00:00,6,41.56
10047,500731,2026-04-26 00:00:00,2,19.29
10045,500713,2026-05-03 00:00:00,1,24.78
10091,501024,2026-04-17 00:00:00,1,24.02
10072,500919,2026-04-19 00:00:00,1,21.15
10047,500736,2026-05-30 00:00:00,1,14.94
10037,500628,2026-07-15 00:00:00,3,37.94
10109,501099,2025-10-12 00:00:00,1,5.82
10104,501078,2026-04-02 00:00:00,2,15.39
10008,500124,2026-06-15 00:00:00,3,38.07
10003,500035,2026-05-10 00:00:00,2,34.75
10152,501205,2025-11-22 00:00:00,1,13.73
10021,500357,2026-05-20 00:00:00,2,42.55
10003,500038,2026-05-23 00:00:00,4,19.89
10015,500248,2026-07-07 00:00:00,3,43.76
10114,501125,2026-02-21 00:00:00,1,5.03
10077,500957,2026-03-23 00:00:00,3,33.9
10013,500217,2026-07-11 00:00:00,6,23.85
10116,501135,2025-10-31 00:00:00,3,12.95
10031,500531,2026-05-29 00:00:00,4,19.4
10114,501125,2026-02-21 00:00:00,2,10.01
10006,500084,2026-03-31 00:00:00,2,46.27
10019,500320,2026-04-10 00:00:00,4,29.45
10078,500968,2026-06-04 00:00:00,3,34.31
10013,500209,2026-05-25 00:00:00,3,58.27
10060,500825,2026-04-23 00:00:00,3,24.65
10035,500589,2026-03-24 00:00:00,3,41.78
10029,500487,2026-07-19 00:00:00,4,21.91
10021,500350,2026-03-08 00:00:00,5,27.87
10021,500347,2026-02-05 00:00:00,1,52.56
10002,500026,2026-07-10 00:00:00,2,35.22
10016,500268,2026-04-18 00:00:00,3,57.12
10123,501161,2026-01-07 00:00:00,1,10.6
10030,500504,2026-06-12 00:00:00,5,27.82
10048,500742,2026-05-26 00:00:00,1,29.35
10013,500219,2026-07-25 00:00:00,2,30.28
10039,500647,2026-03-29 00:00:00,6,52.04
10071,500911,2026-05-01 00:00:00,2,31.2
10009,500148,2026-06-26 00:00:00,4,27.51
10056,500802,2026-02-15 00:00:00,2,11.75
10089,501012,2025-11-23 00:00:00,3,23.2
10039,500655,2026-05-05 00:00:00,5,56.71
10071,500912,2026-05-09 00:00:00,4,13.49
10075,500945,2025-10-01 00:00:00,1,12.15
10047,500735,2026-05-26 00:00:00,1,34.18
10013,500206,2026-03-11 00:00:00,2,59.25
10062,500843,2026-03-26 00:00:00,2,8.27
10058,500819,2026-07-11 00:00:00,1,13.15
10049,500747,2026-04-19 00:00:00,2,32.01
10070,500905,2026-05-27 00:00:00,2,26.05
10010,500152,2026-04-03 00:00:00,3,16.84
10015,500244,2026-06-01 00:00:00,5,48.37
10041,500681,2026-05-01 00:00:00,2,13.57
10044,500706,2026-01-10 00:00:00,2,19.83
10014,500234,2026-06-04 00:00:00,2,53.31
10020,500343,2026-06-10 00:00:00,2,19.36
10032,500536,2026-01-15 00:00:00,4,22.65
10007,500113,2026-07-11 00:00:00,3,22.79
10046,500722,2026-05-09 00:00:00,2,18.24
10114,501128,2026-04-24 00:00:00,1,21.27
10018,500308,2026-07-11 00:00:00,3,24.55
10069,500897,2026-04-22 00:00:00,2,16.86
10003,500043,2026-07-11 00:00:00,4,57.12
10027,500443,2026-07-07 00:00:00,6,28.84
10079,500972,2025-10-10 00:00:00,1,31.79
10067,500883,2026-04-29 00:00:00,4,20.78
10004,500057,2026-06-27 00:00:00,3,39.98
10011,500177,2026-07-19 00:00:00,5,34.48
10027,500438,2026-05-07 00:00:00,5,54.7
10154,501209,2025-11-22 00:00:00,2,7.02
10009,500148,2026-06-26 00:00:00,1,15.33
10023,500386,2026-05-08 00:00:00,4,54.02
10073,500928,2025-11-02 00:00:00,3,30.98
10043,500699,2026-05-27 00:00:00,1,31.58
10036,500606,2026-01-17 00:00:00,2,38.73
10028,500448,2026-01-26 00:00:00,2,52.34
10020,500346,2026-07-11 00:00:00,3,39.06
10013,500207,2026-03-31 00:00:00,1,38.41
10138,501182,2025-08-01 00:00:00,1,14.3
10032,500541,2026-04-22 00:00:00,2,23.37
10007,500109,2026-06-26 00:00:00,4,43.35
10073,500936,2026-06-08 00:00:00,2,15.06
10101,501063,2025-09-18 00:00:00,1,24.89
10037,500621,2025-12-06 00:00:00,1,39.69
10029,500477,2026-07-05 00:00:00,5,34.76
10158,501216,2026-02-20 00:00:00,1,6.81
10052,500771,2026-06-13 00:00:00,3,26.25
10053,500779,2026-06-30 00:00:00,3,30.76
10080,500984,2026-06-18 00:00:00,1,31.65
10024,500399,2026-05-29 00:00:00,2,49.73
10001,500009,2026-06-22 00:00:00,2,45.14
10017,500292,2026-07-19 00:00:00,4,15.02
10043,500698,2026-05-20 00:00:00,4,12.48
10151,501203,2025-12-06 00:00:00,2,7.69
10090,501019,2026-05-28 00:00:00,1,11.46
10065,500873,2026-07-22 00:00:00,4,31.11
10039,500661,2026-05-27 00:00:00,4,36.25
10069,500898,2026-04-29 00:00:00,4,9.2
10003,500040,2026-06-09 00:00:00,6,19.85
10034,500577,2026-06-13 00:00:00,4,22.66
10058,500817,2026-05-15 00:00:00,3,16.74
10101,501063,2025-09-18 00:00:00,2,6.31
10036,500617,2026-07-07 00:00:00,1,57.77
10027,500441,2026-06-25 00:00:00,5,26.73
10006,500089,2026-05-11 00:00:00,4,22.71
10055,500793,2026-05-18 00:00:00,3,22.94
10116,501139,2026-05-12 00:00:00,2,11.46
10137,501180,2025-08-21 00:00:00,2,11.8
10035,500591,2026-04-22 00:00:00,2,20.58
10007,500112,2026-07-05 00:00:00,1,54.79
10053,500778,2026-05-25 00:00:00,4,10.65
10079,500979,2026-06-10 00:00:00,1,22.35
10073,500927,2025-10-25 00:00:00,4,27.72
10010,500154,2026-04-13 00:00:00,6,50.72
10057,500810,2026-01-25 00:00:00,3,29.71
10086,501004,2026-03-18 00:00:00,2,18.26
10016,500266,2026-03-30 00:00:00,5,32.99
10104,501075,2026-02-16 00:00:00,3,21.23
10070,500906,2026-06-01 00:00:00,3,31.9
10039,500651,2026-04-16 00:00:00,3,52.03
10068,500886,2025-11-09 00:00:00,1,20.72
10113,501123,2026-05-06 00:00:00,2,5.59
10043,500701,2026-07-06 00:00:00,2,23.08
10079,500973,2025-11-15 00:00:00,3,30.14
10012,500186,2026-01-25 00:00:00,5,56.87
10008,500119,2026-05-23 00:00:00,4,29.27
10108,501097,2026-05-19 00:00:00,2,9.74
10005,500072,2026-04-26 00:00:00,4,33.73
10002,500013,2025-12-10 00:00:00,1,45.08
10074,500940,2026-06-30 00:00:00,3,33.38
10026,500424,2026-04-09 00:00:00,2,30.16
10077,500958,2026-03-28 00:00:00,3,14.38
10069,500895,2025-12-09 00:00:00,4,18.85
10024,500406,2026-07-28 00:00:00,5,59.23
10031,500518,2026-02-27 00:00:00,5,20.88
10007,500100,2026-05-25 00:00:00,1,59.87
10009,500147,2026-05-15 00:00:00,5,28.84
10088,501010,2026-05-03 00:00:00,3,12.9
10080,500982,2026-04-29 00:00:00,3,12.8
10043,500701,2026-07-06 00:00:00,1,15.63
10069,500898,2026-04-29 00:00:00,1,10.34
10114,501126,2026-03-15 00:00:00,3,19.48
10063,500851,2026-04-27 00:00:00,3,25.79
10064,500863,2026-04-22 00:00:00,1,29.12
10005,500069,2026-04-06 00:00:00,5,41.6
10095,501039,2026-03-04 00:00:00,3,7.08
10115,501130,2026-03-21 00:00:00,1,6.58
10069,500892,2025-10-26 00:00:00,3,16.28
10063,500850,2026-04-26 00:00:00,2,21.66
10008,500119,2026-05-23 00:00:00,1,36.34
10013,500216,2026-06-27 00:00:00,3,42.08
10066,500878,2026-06-26 00:00:00,4,26.4
10010,500156,2026-04-22 00:00:00,5,31.77
10033,500565,2026-06-14 00:00:00,6,46.87
10014,500231,2026-04-24 00:00:00,5,24.31
10012,500192,2026-05-14 00:00:00,2,35.45
10035,500583,2026-02-12 00:00:00,2,26.29
10120,501154,2026-03-30 00:00:00,3,20.2
10116,501136,2025-12-31 00:00:00,3,24.73
10019,500320,2026-04-10 00:00:00,5,20.76
10013,500206,2026-03-11 00:00:00,5,40.51
10006,500092,2026-06-07 00:00:00,4,49.84
10013,500214,2026-06-26 00:00:00,1,24.2
10058,500815,2026-02-01 00:00:00,1,27.17
10038,500641,2026-07-15 00:00:00,3,49.54
10057,500813,2026-05-14 00:00:00,1,9.94
10007,500097,2026-05-21 00:00:00,6,20.49
10096,501042,2026-02-23 00:00:00,3,7.05
10065,500873,2026-07-22 00:00:00,4,21.46
10073,500936,2026-06-08 00:00:00,3,17.28
10112,501115,2026-05-15 00:00:00,1,12.95
10010,500152,2026-04-03 00:00:00,4,20.57
10015,500247,2026-06-29 00:00:00,5,56.57
10086,501003,2026-02-17 00:00:00,3,23.94
10019,500326,2026-06-24 00:00:00,6,32.04
10108,501093,2026-01-24 00:00:00,1,10.14
10020,500344,2026-06-25 00:00:00,2,58.85
10026,500425,2026-04-12 00:00:00,2,44.63
10024,500400,2026-06-01 00:00:00,6,15.19
10006,500093,2026-06-12 00:00:00,5,30.01
10040,500676,2026-07-03 00:00:00,1,32.71
10010,500165,2026-05-31 00:00:00,2,18.82
10155,501210,2025-12-01 00:00:00,1,9.14
10087,501006,2026-01-01 00:00:00,2,13.85
10041,500685,2026-06-10 00:00:00,3,25.63
10018,500297,2026-03-01 00:00:00,3,22.89
10005,500064,2026-03-13 00:00:00,2,48.57
10016,500260,2026-03-16 00:00:00,1,23.9
10046,500723,2026-05-29 00:00:00,4,22.4
10009,500143,2026-02-20 00:00:00,2,53.26
10030,500492,2026-05-08 00:00:00,3,53.06
10109,501102,2026-04-10 00:00:00,1,24.47
10098,501056,2026-03-14 00:00:00,1,8.0
10016,500271,2026-05-08 00:00:00,6,49.41
10059,500821,2026-03-17 00:00:00,3,21.27
10019,500317,2026-03-05 00:00:00,5,59.85
10025,500421,2026-07-22 00:00:00,5,45.51
10152,501204,2025-10-25 00:00:00,1,11.24
10019,500313,2026-01-09 00:00:00,3,54.98
10160,501218,2025-11-15 00:00:00,1,5.86
10019,500309,2025-11-01 00:00:00,3,34.02
10028,500455,2026-04-08 00:00:00,3,48.01
10012,500185,2026-01-06 00:00:00,2,36.59
10078,500964,2026-04-13 00:00:00,2,18.01
10060,500833,2026-06-03 00:00:00,3,15.89
10002,500022,2026-04-29 00:00:00,3,35.08
10113,501119,2025-12-08 00:00:00,2,18.63
10030,500512,2026-07-19 00:00:00,4,35.17
10035,500588,2026-03-06 00:00:00,6,49.02
10007,500105,2026-06-11 00:00:00,1,17.32
10059,500823,2026-06-03 00:00:00,1,33.45
10006,500091,2026-05-21 00:00:00,4,20.39
10013,500211,2026-06-15 00:00:00,4,38.27
10028,500458,2026-05-08 00:00:00,1,55.76
10005,500065,2026-03-18 00:00:00,6,41.75
10009,500144,2026-04-17 00:00:00,3,38.91
10047,500733,2026-05-09 00:00:00,1,11.99
10031,500526,2026-05-05 00:00:00,6,49.83
10035,500591,2026-04-22 00:00:00,3,41.84
10035,500596,2026-05-29 00:00:00,1,56.92
10046,500721,2026-05-07 00:00:00,2,12.03
10094,501035,2026-01-26 00:00:00,3,15.73
10106,501088,2026-03-09 00:00:00,1,9.02
10019,500316,2026-03-05 00:00:00,6,51.89
10009,500140,2026-01-11 00:00:00,5,17.61
10055,500791,2026-04-18 00:00:00,1,27.63
10103,501073,2026-03-03 00:00:00,3,7.04
10012,500181,2025-11-09 00:00:00,1,53.82
10023,500376,2026-02-23 00:00:00,2,38.82
10045,500717,2026-06-19 00:00:00,1,10.53
10028,500463,2026-07-13 00:00:00,3,24.17
10009,500146,2026-05-15 00:00:00,3,30.25
10023,500376,2026-02-23 00:00:00,2,28.11
10019,500324,2026-05-19 00:00:00,3,40.56
10050,500754,2026-05-25 00:00:00,1,27.06
10013,500212,2026-06-21 00:00:00,6,19.71
10063,500850,2026-04-26 00:00:00,4,21.93
10026,500431,2026-06-07 00:00:00,5,16.22
10047,500736,2026-05-30 00:00:00,4,23.99
10021,500354,2026-04-15 00:00:00,6,58.73
10003,500033,2026-05-05 00:00:00,1,36.9
10051,500761,2026-05-05 00:00:00,1,20.11
10027,500444,2026-07-12 00:00:00,2,55.94
10047,500728,2026-04-20 00:00:00,3,31.81
10056,500805,2026-05-24 00:00:00,1,33.76
10008,500118,2026-05-21 00:00:00,3,24.79
10090,501016,2026-04-26 00:00:00,3,15.79
10052,500766,2025-12-04 00:00:00,4,30.96
10042,500687,2026-02-21 00:00:00,4,9.32
10036,500604,2025-12-15 00:00:00,2,43.11
10030,500493,2026-05-10 00:00:00,1,57.88
10035,500602,2026-07-15 00:00:00,4,34.67
10012,500189,2026-03-20 00:00:00,2,16.41
10107,501091,2026-03-25 00:00:00,3,10.46
10056,500803,2026-04-07 00:00:00,1,21.99
10117,501140,2026-01-09 00:00:00,3,7.19
10010,500152,2026-04-03 00:00:00,5,48.75
10092,501028,2026-03-22 00:00:00,2,22.12
10004,500053,2026-04-09 00:00:00,2,46.24
10055,500794,2026-05-25 00:00:00,2,25.49
10086,501004,2026-03-18 00:00:00,2,14.6
10016,500271,2026-05-08 00:00:00,6,48.52
10034,500567,2025-12-20 00:00:00,6,29.61
10036,500617,2026-07-07 00:00:00,2,45.74
10105,501082,2026-03-07 00:00:00,2,16.78
10007,500097,2026-05-21 00:00:00,4,41.47
10038,500640,2026-07-13 00:00:00,6,22.47
10045,500711,2026-02-23 00:00:00,2,11.34
10038,500632,2026-07-01 00:00:00,2,16.39
10093,501031,2026-02-28 00:00:00,2,15.76
10016,500262,2026-03-17 00:00:00,1,21.24
10032,500540,2026-04-05 00:00:00,3,57.17
10031,500524,2026-04-16 00:00:00,3,32.33
10039,500659,2026-05-20 00:00:00,4,40.87
10021,500347,2026-02-05 00:00:00,6,17.69
10040,500677,2026-07-03 00:00:00,6,15.12
10108,501094,2026-02-03 00:00:00,1,15.21
10021,500360,2026-06-30 00:00:00,3,17.85
10039,500650,2026-04-10 00:00:00,4,54.95
10056,500800,2025-12-13 00:00:00,1,15.4
10113,501119,2025-12-08 00:00:00,1,19.48
10002,500012,2025-11-24 00:00:00,4,40.59
10086,501005,2026-04-12 00:00:00,3,12.85
10026,500433,2026-06-27 00:00:00,2,54.96
10033,500553,2026-01-28 00:00:00,4,32.05
10127,501167,2025-10-30 00:00:00,2,4.88
10083,500991,2026-01-21 00:00:00,2,14.87
10073,500932,2025-12-18 00:00:00,3,13.1
10088,501009,2026-04-22 00:00:00,2,21.99
10034,500570,2026-01-09 00:00:00,2,49.38
10010,500158,2026-05-06 00:00:00,5,48.27
10011,500176,2026-07-12 00:00:00,3,40.3
10017,500282,2026-05-11 00:00:00,2,44.37
10010,500156,2026-04-22 00:00:00,3,16.66
10009,500146,2026-05-15 00:00:00,2,23.62
10039,500651,2026-04-16 00:00:00,2,24.42
10024,500399,2026-05-29 00:00:00,5,49.91
10038,500641,2026-07-15 00:00:00,2,33.11
10033,500552,2026-01-08 00:00:00,2,30.54
10070,500907,2026-07-10 00:00:00,1,34.06
10121,501156,2025-08-18 00:00:00,2,9.8
10020,500333,2025-10-15 00:00:00,3,37.35
10026,500431,2026-06-07 00:00:00,2,58.13
10119,501148,2026-03-11 00:00:00,2,7.15
10035,500599,2026-06-30 00:00:00,6,18.09
10031,500528,2026-05-09 00:00:00,5,28.88
10001,500007,2026-04-14 00:00:00,5,48.51
10039,500649,2026-04-05 00:00:00,5,30.42
10016,500264,2026-03-18 00:00:00,6,46.56
10013,500207,2026-03-31 00:00:00,3,15.56
10039,500660,2026-05-23 00:00:00,2,36.23
10010,500159,2026-05-06 00:00:00,6,42.99
10077,500959,2026-04-04 00:00:00,2,15.5
10076,500950,2025-12-08 00:00:00,1,9.66
10116,501134,2025-08-28 00:00:00,1,24.56
10033,500551,2025-12-31 00:00:00,5,43.21
10022,500373,2026-05-28 00:00:00,3,53.53
10012,500192,2026-05-14 00:00:00,2,56.35
10027,500445,2026-07-12 00:00:00,2,39.94
10050,500753,2026-03-18 00:00:00,3,29.33
10128,501168,2026-02-26 00:00:00,1,18.71
10146,501194,2025-08-13 00:00:00,2,14.57
10026,500423,2026-02-24 00:00:00,6,27.78
10008,500135,2026-07-19 00:00:00,1,52.63
10101,501063,2025-09-18 00:00:00,3,6.69
10117,501143,2026-04-23 00:00:00,2,10.43
10030,500493,2026-05-10 00:00:00,3,44.29
10087,501007,2026-04-04 00:00:00,3,10.2
10068,500888,2026-02-09 00:00:00,1,31.32
10040,500669,2026-06-13 00:00:00,4,58.74
10001,500005,2026-03-26 00:00:00,5,58.68
10010,500160,2026-05-09 00:00:00,2,16.33
10010,500154,2026-04-13 00:00:00,4,40.0
10013,500214,2026-06-26 00:00:00,3,16.04
10004,500055,2026-05-05 00:00:00,1,28.54
10074,500940,2026-06-30 00:00:00,1,25.03
10005,500065,2026-03-18 00:00:00,1,21.58
10046,500721,2026-05-07 00:00:00,3,18.37
10020,500334,2025-10-15 00:00:00,5,23.44
10037,500627,2026-06-29 00:00:00,6,50.17
10060,500831,2026-05-30 00:00:00,2,8.71
10005,500061,2026-02-26 00:00:00,3,34.16
10024,500398,2026-05-28 00:00:00,6,58.4
10055,500796,2026-06-06 00:00:00,3,32.91
10118,501144,2025-09-15 00:00:00,2,18.8
10023,500381,2026-04-11 00:00:00,2,22.94
10025,500416,2026-07-11 00:00:00,5,47.78
10091,501023,2026-01-26 00:00:00,3,22.3
10028,500462,2026-07-10 00:00:00,5,59.56
10018,500304,2026-05-13 00:00:00,3,52.2
10102,501070,2026-05-02 00:00:00,3,17.39
10023,500393,2026-07-21 00:00:00,3,28.33
10033,500557,2026-04-01 00:00:00,4,48.82
10051,500764,2026-06-14 00:00:00,1,25.8
10017,500285,2026-06-05 00:00:00,6,29.32
10004,500045,2025-11-30 00:00:00,6,48.61
10054,500785,2026-07-07 00:00:00,1,9.54
10136,501179,2026-02-23 00:00:00,2,9.95
10049,500749,2026-05-06 00:00:00,3,27.14
10103,501072,2025-08-25 00:00:00,1,19.83
10026,500424,2026-04-09 00:00:00,4,54.76
10029,500469,2026-06-26 00:00:00,2,17.92
10017,500279,2026-05-07 00:00:00,2,54.82
10059,500823,2026-06-03 00:00:00,1,16.62
10148,501198,2026-01-16 00:00:00,2,16.47
10015,500253,2026-07-13 00:00:00,2,41.99
10035,500587,2026-03-01 00:00:00,2,59.42
10111,501112,2026-05-25 00:00:00,2,24.92
10046,500720,2026-04-27 00:00:00,2,13.51
10031,500529,2026-05-10 00:00:00,6,59.74
10003,500036,2026-05-14 00:00:00,1,52.18
10003,500031,2026-04-25 00:00:00,2,58.14
10117,501141,2026-02-24 00:00:00,2,10.3
10049,500750,2026-07-18 00:00:00,2,18.62
10029,500469,2026-06-26 00:00:00,1,41.18
10038,500633,2026-07-03 00:00:00,2,42.18
10038,500637,2026-07-08 00:00:00,3,42.9
10016,500257,2026-02-14 00:00:00,6,33.87
10026,500432,2026-06-24 00:00:00,5,36.43
10044,500709,2026-07-01 00:00:00,2,19.65
10030,500515,2026-07-30 00:00:00,1,32.63
10023,500387,2026-05-12 00:00:00,6,50.62
10007,500106,2026-06-14 00:00:00,6,53.22
10106,501086,2026-01-28 00:00:00,1,14.43
10021,500355,2026-05-06 00:00:00,3,35.54
10017,500288,2026-06-22 00:00:00,5,33.75
10012,500190,2026-04-08 00:00:00,4,41.56
10016,500274,2026-05-22 00:00:00,2,33.45
10055,500793,2026-05-18 00:00:00,2,13.27
10036,500614,2026-04-22 00:00:00,5,51.12
10007,500102,2026-06-03 00:00:00,1,16.3
10017,500290,2026-07-12 00:00:00,6,54.56
10033,500557,2026-04-01 00:00:00,3,19.18
10018,500304,2026-05-13 00:00:00,2,49.11
10016,500266,2026-03-30 00:00:00,6,45.84
10010,500156,2026-04-22 00:00:00,6,19.92
10087,501007,2026-04-04 00:00:00,3,14.61
10100,501061,2026-01-24 00:00:00,3,10.78
10044,500702,2025-10-24 00:00:00,4,27.96
10003,500030,2026-04-20 00:00:00,1,41.44
10084,500995,2026-03-08 00:00:00,3,9.75
10029,500472,2026-07-01 00:00:00,3,55.19
10007,500107,2026-06-18 00:00:00,5,56.75
10076,500951,2025-12-08 00:00:00,2,18.54
10024,500398,2026-05-28 00:00:00,2,26.91
10032,500538,2026-03-17 00:00:00,2,41.9
10006,500087,2026-04-22 00:00:00,1,58.15
10035,500599,2026-06-30 00:00:00,1,43.42
10030,500506,2026-06-20 00:00:00,4,30.13
10022,500370,2026-02-25 00:00:00,2,17.29
10008,500132,2026-07-08 00:00:00,6,59.8
10016,500260,2026-03-16 00:00:00,2,29.69
10109,501101,2026-02-02 00:00:00,2,14.79
10096,501043,2026-02-28 00:00:00,3,21.12
10108,501097,2026-05-19 00:00:00,1,5.6
10032,500535,2025-12-13 00:00:00,3,52.72
10053,500776,2026-04-30 00:00:00,2,11.48
10001,500011,2026-07-12 00:00:00,4,29.06
10039,500648,2026-04-03 00:00:00,6,25.28
10029,500471,2026-07-01 00:00:00,4,35.01
10012,500192,2026-05-14 00:00:00,5,53.5
10137,501181,2025-10-27 00:00:00,1,11.51
10016,500277,2026-06-11 00:00:00,1,30.13
10079,500978,2026-05-30 00:00:00,3,22.49
10029,500487,2026-07-19 00:00:00,4,48.29
10003,500043,2026-07-11 00:00:00,4,26.52
10099,501059,2026-05-20 00:00:00,2,18.72
10033,500549,2025-11-13 00:00:00,6,28.36
10094,501034,2026-01-02 00:00:00,2,12.93
10040,500679,2026-07-18 00:00:00,4,23.17
10008,500137,2026-07-28 00:00:00,3,21.78
10047,500727,2026-04-19 00:00:00,2,24.05
10138,501182,2025-08-01 00:00:00,2,15.15
10030,500502,2026-06-06 00:00:00,1,57.41
10028,500450,2026-03-13 00:00:00,6,42.09
10076,500955,2026-06-12 00:00:00,3,24.76
10068,500890,2026-03-07 00:00:00,1,21.45
10013,500215,2026-06-26 00:00:00,6,47.37
10035,500595,2026-05-10 00:00:00,6,33.76
10105,501081,2025-12-03 00:00:00,2,18.19
10106,501086,2026-01-28 00:00:00,1,21.84
10014,500232,2026-05-13 00:00:00,6,20.43
10003,500041,2026-06-24 00:00:00,2,16.68
10035,500592,2026-04-24 00:00:00,2,48.89
10002,500017,2025-12-24 00:00:00,6,25.53
10030,500491,2026-05-05 00:00:00,3,18.21
10149,501199,2025-11-13 00:00:00,2,15.07
10110,501104,2025-11-29 00:00:00,2,11.54
10012,500191,2026-04-30 00:00:00,6,22.32
10007,500116,2026-07-22 00:00:00,6,28.56
10032,500544,2026-07-29 00:00:00,6,36.71
10022,500365,2025-12-15 00:00:00,2,45.28
10051,500762,2026-05-18 00:00:00,4,30.03
10021,500350,2026-03-08 00:00:00,2,58.4
10098,501051,2025-12-30 00:00:00,1,20.46
10044,500703,2025-11-14 00:00:00,3,13.99
10010,500155,2026-04-20 00:00:00,4,56.61
10007,500107,2026-06-18 00:00:00,5,52.71
10071,500908,2026-01-24 00:00:00,3,30.03
10053,500773,2026-02-06 00:00:00,4,15.31
10156,501211,2025-09-29 00:00:00,1,3.16
10098,501051,2025-12-30 00:00:00,3,8.44
10031,500523,2026-04-15 00:00:00,5,27.57
10024,500397,2026-05-22 00:00:00,6,25.59
10031,500524,2026-04-16 00:00:00,6,29.76
10084,500994,2026-03-05 00:00:00,1,24.93
10033,500556,2026-03-15 00:00:00,5,46.42
10029,500479,2026-07-09 00:00:00,5,36.38
10149,501199,2025-11-13 00:00:00,2,17.95
10015,500246,2026-06-23 00:00:00,4,48.79
10040,500673,2026-06-22 00:00:00,4,51.34
10009,500141,2026-01-24 00:00:00,6,53.0
10026,500427,2026-05-04 00:00:00,4,17.48
10007,500114,2026-07-14 00:00:00,3,23.26
10031,500521,2026-04-06 00:00:00,3,56.75
10018,500296,2026-02-27 00:00:00,3,31.56
10013,500208,2026-05-13 00:00:00,3,19.23
10132,501173,2026-03-01 00:00:00,1,7.69
10039,500645,2026-03-14 00:00:00,5,27.2
10018,500301,2026-04-21 00:00:00,1,39.79
10033,500553,2026-01-28 00:00:00,5,49.73
10030,500509,2026-07-08 00:00:00,2,20.89
10158,501216,2026-02-20 00:00:00,2,8.22
10046,500725,2026-06-22 00:00:00,1,31.07
10020,500345,2026-07-09 00:00:00,1,54.21
10032,500537,2026-03-07 00:00:00,6,20.18
10014,500224,2026-02-14 00:00:00,4,21.2
10059,500824,2026-06-10 00:00:00,1,9.28
10007,500114,2026-07-14 00:00:00,1,59.1
10056,500802,2026-02-15 00:00:00,4,13.26
10132,501173,2026-03-01 00:00:00,1,4.27
10050,500755,2026-06-09 00:00:00,3,12.98
10122,501159,2025-11-29 00:00:00,1,7.18
10025,500408,2026-04-29 00:00:00,5,27.34
10002,500023,2026-05-11 00:00:00,3,43.36
10105,501079,2025-08-13 00:00:00,1,18.83
10157,501213,2025-10-27 00:00:00,2,4.2
10009,500150,2026-07-09 00:00:00,6,49.26
10108,501093,2026-01-24 00:00:00,3,5.28
10018,500302,2026-04-26 00:00:00,4,42.07
10079,500971,2025-09-18 00:00:00,3,27.03
10092,501025,2025-10-05 00:00:00,1,14.59
10025,500409,2026-05-20 00:00:00,1,33.09
10110,501106,2026-05-29 00:00:00,3,9.71
10095,501039,2026-03-04 00:00:00,2,23.38
10029,500479,2026-07-09 00:00:00,4,26.05
10013,500218,2026-07-24 00:00:00,3,32.73
10039,500650,2026-04-10 00:00:00,2,18.71
10080,500984,2026-06-18 00:00:00,2,33.89
10013,500199,2025-12-10 00:00:00,1,59.69
10030,500500,2026-06-02 00:00:00,1,38.87
10016,500274,2026-05-22 00:00:00,2,41.37
10002,500015,2025-12-20 00:00:00,4,34.65
10037,500623,2026-01-14 00:00:00,6,56.1
10030,500491,2026-05-05 00:00:00,3,48.92
10023,500377,2026-02-25 00:00:00,5,21.63
10058,500817,2026-05-15 00:00:00,4,25.95
10070,500904,2026-05-22 00:00:00,3,15.49
10035,500581,2026-01-25 00:00:00,5,26.85
10043,500692,2026-04-15 00:00:00,4,27.98
10056,500799,2025-11-18 00:00:00,3,15.58
10157,501214,2026-02-26 00:00:00,2,10.0
10039,500650,2026-04-10 00:00:00,3,43.36
10028,500463,2026-07-13 00:00:00,4,53.7
10055,500788,2026-01-11 00:00:00,1,34.58
10011,500173,2026-06-29 00:00:00,3,27.75
10017,500288,2026-06-22 00:00:00,5,51.96
10039,500654,2026-04-29 00:00:00,2,51.63
10098,501051,2025-12-30 00:00:00,3,19.65
10021,500347,2026-02-05 00:00:00,6,39.07
10109,501098,2025-09-25 00:00:00,2,16.35
10025,500415,2026-07-08 00:00:00,4,20.77
10052,500765,2025-10-23 00:00:00,3,32.82
10011,500176,2026-07-12 00:00:00,2,19.59
10004,500048,2026-01-02 00:00:00,1,23.07
10033,500556,2026-03-15 00:00:00,5,17.64
10092,501026,2026-01-04 00:00:00,3,19.62
10035,500581,2026-01-25 00:00:00,3,38.46
10047,500730,2026-04-26 00:00:00,4,12.55
10008,500134,2026-07-19 00:00:00,5,38.63
10040,500674,2026-06-23 00:00:00,3,22.56
10023,500378,2026-03-18 00:00:00,2,20.73
10035,500601,2026-07-10 00:00:00,5,41.44
10026,500424,2026-04-09 00:00:00,6,28.56
10017,500293,2026-07-22 00:00:00,3,52.04
10027,500437,2026-04-29 00:00:00,4,41.11
10069,500893,2025-11-18 00:00:00,4,16.7
10086,501005,2026-04-12 00:00:00,1,17.81
10030,500505,2026-06-18 00:00:00,5,43.46
10069,500900,2026-07-14 00:00:00,1,13.94
10091,501021,2025-11-07 00:00:00,3,23.31
10010,500153,2026-04-04 00:00:00,5,37.04
10026,500431,2026-06-07 00:00:00,3,43.6
10069,500892,2025-10-26 00:00:00,4,28.57
10040,500670,2026-06-15 00:00:00,2,21.28
10122,501159,2025-11-29 00:00:00,1,8.89
10031,500520,2026-04-05 00:00:00,6,30.37
10010,500159,2026-05-06 00:00:00,3,38.16
10081,500986,2026-04-05 00:00:00,3,12.92
10014,500229,2026-03-20 00:00:00,6,41.29
10019,500311,2025-11-26 00:00:00,4,29.42
10006,500092,2026-06-07 00:00:00,1,18.95
10039,500652,2026-04-21 00:00:00,5,40.87
10076,500955,2026-06-12 00:00:00,2,19.17
10002,500019,2026-01-22 00:00:00,5,33.29
10005,500067,2026-03-23 00:00:00,1,56.44
10028,500457,2026-05-03 00:00:00,2,49.18
10013,500199,2025-12-10 00:00:00,4,20.71
10103,501071,2025-08-09 00:00:00,2,21.48
10038,500634,2026-07-03 00:00:00,3,19.5
10002,500020,2026-01-29 00:00:00,3,19.05
10014,500233,2026-05-23 00:00:00,4,35.24
10028,500450,2026-03-13 00:00:00,4,48.19
10037,500625,2026-03-06 00:00:00,4,42.91
10010,500168,2026-07-14 00:00:00,4,32.66
10060,500830,2026-05-26 00:00:00,2,30.92
10007,500101,2026-05-30 00:00:00,5,19.79
10119,501151,2026-04-28 00:00:00,2,10.47
10123,501161,2026-01-07 00:00:00,1,12.23
10019,500327,2026-07-03 00:00:00,1,47.54
10010,500163,2026-05-26 00:00:00,2,32.86
10114,501128,2026-04-24 00:00:00,2,20.1
10008,500136,2026-07-21 00:00:00,6,21.37
10137,501180,2025-08-21 00:00:00,1,11.63
10095,501037,2025-12-24 00:00:00,1,17.24
10018,500299,2026-04-04 00:00:00,2,32.68
10045,500712,2026-04-09 00:00:00,4,23.04
10043,500696,2026-05-07 00:00:00,1,24.09
10100,501061,2026-01-24 00:00:00,1,13.09
10069,500897,2026-04-22 00:00:00,2,15.9
10082,500990,2026-05-03 00:00:00,3,6.53
10091,501024,2026-04-17 00:00:00,3,14.67
10090,501017,2026-05-01 00:00:00,2,8.56
10031,500528,2026-05-09 00:00:00,6,49.51
10042,500688,2026-03-18 00:00:00,4,17.58
10131,501171,2025-09-12 00:00:00,2,6.64
10026,500428,2026-05-12 00:00:00,3,17.29
10045,500718,2026-07-22 00:00:00,3,16.89
10135,501178,2026-01-13 00:00:00,2,6.55
10015,500250,2026-07-11 00:00:00,3,20.81
10018,500296,2026-02-27 00:00:00,3,24.38
10028,500456,2026-04-30 00:00:00,1,22.53
10028,500449,2026-03-01 00:00:00,3,42.89
10104,501077,2026-04-01 00:00:00,1,19.6
10112,501114,2026-05-13 00:00:00,3,14.21
10034,500568,2025-12-28 00:00:00,3,41.92
10038,500630,2026-06-23 00:00:00,2,43.97
10078,500970,2026-06-24 00:00:00,2,22.13
10109,501103,2026-05-05 00:00:00,2,15.56
10002,500026,2026-07-10 00:00:00,1,55.62
10023,500389,2026-06-11 00:00:00,5,52.65
10040,500672,2026-06-20 00:00:00,4,59.59
10101,501066,2026-04-17 00:00:00,3,18.76
10030,500506,2026-06-20 00:00:00,3,39.61
10119,501151,2026-04-28 00:00:00,3,8.15
10016,500259,2026-02-23 00:00:00,1,44.83
10023,500380,2026-04-06 00:00:00,5,51.68
10039,500654,2026-04-29 00:00:00,1,53.09
10066,500876,2026-04-15 00:00:00,2,25.41
10029,500466,2026-06-17 00:00:00,2,39.93
10054,500782,2026-04-09 00:00:00,2,8.02
10031,500529,2026-05-10 00:00:00,1,19.25
10012,500185,2026-01-06 00:00:00,2,25.91
10091,501020,2025-10-19 00:00:00,2,11.12
10047,500737,2026-06-03 00:00:00,4,23.49
10105,501080,2025-10-29 00:00:00,2,9.86
10010,500157,2026-04-28 00:00:00,6,47.1
10065,500871,2026-07-09 00:00:00,4,23.2
10160,501219,2025-11-26 00:00:00,2,9.0
10115,501132,2026-04-27 00:00:00,3,18.44
10018,500300,2026-04-06 00:00:00,2,44.52
10018,500295,2026-02-15 00:00:00,4,48.76
10023,500389,2026-06-11 00:00:00,3,40.57
10118,501146,2026-03-30 00:00:00,2,23.37
10036,500608,2026-02-11 00:00:00,5,52.23
10005,500081,2026-07-12 00:00:00,4,29.74
10109,501100,2025-10-20 00:00:00,3,7.19
10075,500946,2026-01-20 00:00:00,3,25.63
10079,500979,2026-06-10 00:00:00,4,23.82
10078,500967,2026-05-25 00:00:00,2,32.69
10055,500789,2026-02-06 00:00:00,3,8.12
10039,500655,2026-05-05 00:00:00,3,35.38
10010,500161,2026-05-16 00:00:00,3,45.22
10029,500488,2026-07-21 00:00:00,1,47.84
10032,500543,2026-05-29 00:00:00,5,59.99
10078,500965,2026-04-19 00:00:00,4,19.13
10091,501021,2025-11-07 00:00:00,3,19.56
10097,501047,2026-03-30 00:00:00,2,8.71
10106,501087,2026-02-05 00:00:00,3,11.06
10032,500543,2026-05-29 00:00:00,1,35.49
10046,500722,2026-05-09 00:00:00,4,25.52
10011,500172,2026-06-24 00:00:00,2,21.99
10028,500448,2026-01-26 00:00:00,4,36.27
10031,500530,2026-05-20 00:00:00,2,16.54
10013,500202,2026-01-24 00:00:00,1,41.76
10018,500301,2026-04-21 00:00:00,2,48.06
10021,500359,2026-06-29 00:00:00,3,57.13
10096,501040,2026-01-08 00:00:00,2,16.05
10122,501158,2025-09-09 00:00:00,1,5.28
10009,500149,2026-07-05 00:00:00,5,43.52
10097,501046,2026-03-19 00:00:00,1,18.99
10039,500664,2026-07-08 00:00:00,2,48.26
10036,500611,2026-02-24 00:00:00,3,17.27
10070,500903,2026-05-01 00:00:00,3,17.87
10005,500075,2026-05-24 00:00:00,6,55.62
10072,500921,2026-05-22 00:00:00,3,18.3
10001,500001,2025-12-23 00:00:00,4,56.7
10061,500835,2026-05-08 00:00:00,1,28.89
10018,500297,2026-03-01 00:00:00,2,52.04
10061,500840,2026-07-05 00:00:00,2,23.8
10011,500171,2026-06-20 00:00:00,2,38.83
10012,500180,2025-10-16 00:00:00,3,33.75
10030,500503,2026-06-08 00:00:00,1,42.06
10029,500468,2026-06-24 00:00:00,2,44.51
10008,500135,2026-07-19 00:00:00,6,52.76
10012,500189,2026-03-20 00:00:00,1,25.87
10054,500784,2026-06-23 00:00:00,1,16.96
10038,500638,2026-07-09 00:00:00,6,52.63
10014,500220,2025-10-25 00:00:00,1,36.67
10008,500137,2026-07-28 00:00:00,3,23.14
10021,500355,2026-05-06 00:00:00,6,31.27
10119,501151,2026-04-28 00:00:00,2,5.7
10008,500125,2026-06-22 00:00:00,2,29.15
10085,501001,2026-05-21 00:00:00,3,23.6
10015,500243,2026-05-29 00:00:00,4,23.43
10094,501036,2026-05-15 00:00:00,2,24.24
10033,500546,2025-10-24 00:00:00,1,44.5
10035,500590,2026-04-09 00:00:00,6,26.59
10035,500593,2026-04-26 00:00:00,5,26.13
10134,501176,2026-02-03 00:00:00,1,3.29
10030,500498,2026-06-01 00:00:00,4,31.82
10019,500315,2026-03-04 00:00:00,5,20.19
10013,500209,2026-05-25 00:00:00,1,23.03
10009,500139,2025-12-17 00:00:00,6,44.21
10039,500653,2026-04-22 00:00:00,3,50.94
10023,500393,2026-07-21 00:00:00,3,40.07
10043,500701,2026-07-06 00:00:00,4,19.73
10008,500129,2026-06-30 00:00:00,5,48.42
10013,500208,2026-05-13 00:00:00,4,45.72
10055,500788,2026-01-11 00:00:00,2,31.41
10075,500947,2026-04-23 00:00:00,3,29.02
10077,500963,2026-07-18 00:00:00,1,33.63
10010,500158,2026-05-06 00:00:00,4,53.95
10067,500879,2025-11-17 00:00:00,4,24.45
10028,500450,2026-03-13 00:00:00,1,38.21
10031,500532,2026-06-16 00:00:00,4,26.93
10013,500213,2026-06-22 00:00:00,6,50.91
10139,501183,2025-10-23 00:00:00,2,18.45
10001,500007,2026-04-14 00:00:00,6,31.67
10111,501111,2026-05-19 00:00:00,3,7.24
10022,500368,2026-01-31 00:00:00,4,37.87
10079,500976,2026-03-15 00:00:00,1,17.34
10105,501080,2025-10-29 00:00:00,3,11.28
10030,500495,2026-05-16 00:00:00,3,21.37
10011,500175,2026-07-07 00:00:00,6,45.36
10048,500741,2026-04-25 00:00:00,1,9.64
10092,501025,2025-10-05 00:00:00,3,8.05
10039,500649,2026-04-05 00:00:00,4,27.98
10016,500270,2026-05-07 00:00:00,5,25.99
10073,500930,2025-11-23 00:00:00,3,28.44
10012,500184,2025-12-14 00:00:00,3,50.13
10073,500934,2026-01-27 00:00:00,1,14.75
10006,500095,2026-06-27 00:00:00,1,21.65
10030,500496,2026-05-22 00:00:00,2,33.65
10038,500639,2026-07-11 00:00:00,3,35.04
10006,500090,2026-05-19 00:00:00,3,38.52
10033,500563,2026-05-17 00:00:00,5,24.2
10043,500696,2026-05-07 00:00:00,3,14.61
10032,500542,2026-05-06 00:00:00,2,47.31
10025,500410,2026-05-22 00:00:00,2,22.29
10007,500098,2026-05-24 00:00:00,1,52.14
10019,500320,2026-04-10 00:00:00,3,32.89
10052,500765,2025-10-23 00:00:00,3,31.62
10005,500080,2026-07-09 00:00:00,4,31.54
10006,500085,2026-04-08 00:00:00,6,20.94
10034,500568,2025-12-28 00:00:00,4,59.78
10009,500138,2025-10-01 00:00:00,2,52.96
10019,500318,2026-03-06 00:00:00,3,40.96
10048,500741,2026-04-25 00:00:00,1,14.51
10030,500500,2026-06-02 00:00:00,3,41.71
10077,500957,2026-03-23 00:00:00,4,27.77
10012,500187,2026-03-01 00:00:00,2,17.13
10036,500613,2026-04-07 00:00:00,3,32.25
10018,500305,2026-05-26 00:00:00,5,38.49
10088,501008,2026-01-31 00:00:00,1,13.97
10065,500868,2026-04-13 00:00:00,4,19.06
10021,500350,2026-03-08 00:00:00,2,54.03
10156,501211,2025-09-29 00:00:00,2,7.01
10005,500073,2026-05-05 00:00:00,2,31.81
10019,500323,2026-05-14 00:00:00,6,29.82
10011,500169,2026-06-03 00:00:00,3,58.16
10058,500815,2026-02-01 00:00:00,2,33.91
10086,501002,2026-02-08 00:00:00,3,8.87
10033,500551,2025-12-31 00:00:00,3,23.86
10061,500838,2026-06-03 00:00:00,3,20.98
10022,500362,2025-11-27 00:00:00,1,25.17
10092,501027,2026-01-08 00:00:00,1,15.19
10035,500600,2026-07-02 00:00:00,2,52.27
10039,500664,2026-07-08 00:00:00,3,45.21
10114,501129,2026-05-20 00:00:00,1,16.08
10014,500235,2026-06-05 00:00:00,6,30.27
10073,500927,2025-10-25 00:00:00,4,20.83
10152,501205,2025-11-22 00:00:00,1,5.61
10065,500873,2026-07-22 00:00:00,1,23.88
10038,500638,2026-07-09 00:00:00,3,23.76
10074,500942,2026-07-03 00:00:00,2,27.02
10113,501121,2026-03-19 00:00:00,1,18.32
10089,501012,2025-11-23 00:00:00,3,12.86
10035,500583,2026-02-12 00:00:00,3,54.24
10031,500534,2026-07-27 00:00:00,3,37.62
10090,501019,2026-05-28 00:00:00,1,18.74
10025,500413,2026-06-21 00:00:00,6,25.24
10009,500140,2026-01-11 00:00:00,3,49.33
10070,500907,2026-07-10 00:00:00,3,19.22
10027,500436,2026-04-27 00:00:00,1,59.54
10004,500053,2026-04-09 00:00:00,3,51.19
10045,500715,2026-05-20 00:00:00,2,18.84
10004,500056,2026-05-29 00:00:00,3,58.0
10157,501213,2025-10-27 00:00:00,1,17.84
10041,500685,2026-06-10 00:00:00,3,32.82
10037,500626,2026-03-18 00:00:00,4,46.07
10045,500712,2026-04-09 00:00:00,2,33.13
10044,500703,2025-11-14 00:00:00,4,20.5
10056,500798,2025-10-19 00:00:00,4,23.94
10033,500559,2026-04-09 00:00:00,6,43.3
10044,500704,2025-12-19 00:00:00,4,25.37
10022,500364,2025-12-14 00:00:00,6,49.68
10003,500037,2026-05-20 00:00:00,6,21.31
10062,500845,2026-05-08 00:00:00,3,26.5
10133,501175,2025-10-14 00:00:00,2,15.74
10015,500246,2026-06-23 00:00:00,4,30.41
10119,501147,2026-03-03 00:00:00,2,7.52
10051,500763,2026-05-30 00:00:00,1,15.22
10076,500952,2026-01-04 00:00:00,3,8.84
10041,500681,2026-05-01 00:00:00,4,8.89
10013,500205,2026-02-22 00:00:00,4,45.49
10023,500383,2026-04-20 00:00:00,2,48.83
10047,500734,2026-05-20 00:00:00,2,8.32
10063,500857,2026-05-18 00:00:00,1,10.33
10035,500599,2026-06-30 00:00:00,1,47.66
10060,500828,2026-05-14 00:00:00,4,27.11
10023,500376,2026-02-23 00:00:00,2,49.22
10025,500408,2026-04-29 00:00:00,4,26.97
10115,501132,2026-04-27 00:00:00,3,23.25
10069,500895,2025-12-09 00:00:00,3,9.99
10039,500659,2026-05-20 00:00:00,1,36.03
10005,500078,2026-06-08 00:00:00,3,43.78
10101,501067,2026-05-30 00:00:00,3,24.95
10072,500924,2026-06-21 00:00:00,1,19.61
10021,500353,2026-04-11 00:00:00,2,39.46
10025,500414,2026-06-22 00:00:00,4,42.85
10059,500822,2026-05-13 00:00:00,1,34.09
10062,500848,2026-07-15 00:00:00,3,34.3
10091,501020,2025-10-19 00:00:00,1,6.91
10021,500358,2026-06-04 00:00:00,1,22.09
10107,501090,2026-03-21 00:00:00,3,20.96
10028,500465,2026-07-28 00:00:00,6,50.93
10028,500457,2026-05-03 00:00:00,4,43.87
10079,500972,2025-10-10 00:00:00,3,26.05
10059,500822,2026-05-13 00:00:00,2,28.42
10122,501158,2025-09-09 00:00:00,2,4.47
10033,500563,2026-05-17 00:00:00,5,54.96
10006,500088,2026-04-24 00:00:00,2,19.28
10022,500372,2026-05-12 00:00:00,5,52.0
10085,501000,2026-04-30 00:00:00,1,10.28
10002,500014,2025-12-17 00:00:00,3,40.44
10036,500616,2026-07-05 00:00:00,4,39.85
10044,500706,2026-01-10 00:00:00,4,13.65
10030,500502,2026-06-06 00:00:00,5,50.23
10031,500523,2026-04-15 00:00:00,2,27.33
10158,501215,2025-12-03 00:00:00,2,18.54
10034,500574,2026-04-15 00:00:00,5,31.95
10068,500890,2026-03-07 00:00:00,4,33.0
10002,500022,2026-04-29 00:00:00,5,37.55
10034,500569,2025-12-29 00:00:00,5,27.94
10055,500792,2026-05-15 00:00:00,4,11.87
10038,500634,2026-07-03 00:00:00,2,16.86
10115,501133,2026-05-06 00:00:00,2,22.67
10019,500315,2026-03-04 00:00:00,3,53.36
10074,500943,2026-07-08 00:00:00,3,30.58
10093,501030,2026-02-10 00:00:00,1,13.7
10071,500911,2026-05-01 00:00:00,4,13.68
10047,500732,2026-05-04 00:00:00,1,31.63
10015,500253,2026-07-13 00:00:00,5,35.75
10008,500121,2026-06-03 00:00:00,4,44.36
10017,500284,2026-06-04 00:00:00,1,47.75
10016,500267,2026-04-13 00:00:00,1,33.0
10052,500769,2026-03-25 00:00:00,1,33.74
10022,500367,2026-01-24 00:00:00,2,37.39
10069,500899,2026-05-29 00:00:00,3,33.68
10107,501089,2026-01-20 00:00:00,1,13.78
10003,500029,2026-04-15 00:00:00,3,21.5
10019,500325,2026-06-15 00:00:00,3,29.43
10051,500761,2026-05-05 00:00:00,2,12.91
10018,500305,2026-05-26 00:00:00,4,32.34
10103,501072,2025-08-25 00:00:00,1,16.02
10029,500476,2026-07-05 00:00:00,3,28.51
10117,501140,2026-01-09 00:00:00,3,17.77
10028,500457,2026-05-03 00:00:00,3,29.68
10072,500918,2026-03-06 00:00:00,2,15.51
10132,501173,2026-03-01 00:00:00,1,4.39
10045,500716,2026-06-03 00:00:00,3,8.03
10085,500999,2026-04-01 00:00:00,1,14.91
10066,500874,2026-01-19 00:00:00,3,28.47
10069,500901,2026-07-19 00:00:00,2,8.11
10021,500359,2026-06-29 00:00:00,1,17.21
10030,500514,2026-07-22 00:00:00,6,28.56
10023,500377,2026-02-25 00:00:00,5,31.1
10124,501162,2025-07-13 00:00:00,1,8.72
10039,500656,2026-05-11 00:00:00,3,40.45
10016,500264,2026-03-18 00:00:00,6,24.11
10003,500042,2026-06-28 00:00:00,5,29.27
10107,501092,2026-05-22 00:00:00,2,12.51
10028,500463,2026-07-13 00:00:00,1,43.76
10115,501130,2026-03-21 00:00:00,3,21.43
10063,500856,2026-05-17 00:00:00,4,17.24
10005,500080,2026-07-09 00:00:00,3,33.76
10023,500390,2026-06-25 00:00:00,1,50.69
10010,500167,2026-07-06 00:00:00,1,59.89
10001,500003,2026-02-11 00:00:00,6,52.24
10029,500477,2026-07-05 00:00:00,3,15.83
10048,500739,2026-04-14 00:00:00,3,31.63
10079,500971,2025-09-18 00:00:00,1,11.87
10028,500459,2026-05-24 00:00:00,5,53.24
10014,500236,2026-06-08 00:00:00,2,57.3
10006,500094,2026-06-20 00:00:00,2,29.15
10006,500087,2026-04-22 00:00:00,5,50.22
10014,500228,2026-03-18 00:00:00,4,26.4
10015,500251,2026-07-12 00:00:00,3,43.45
10039,500644,2026-03-13 00:00:00,6,37.18
10034,500573,2026-03-14 00:00:00,3,24.4
10055,500788,2026-01-11 00:00:00,3,26.31
10033,500556,2026-03-15 00:00:00,3,59.4
10082,500988,2026-04-06 00:00:00,1,24.08
10042,500687,2026-02-21 00:00:00,2,31.96
10056,500797,2025-09-27 00:00:00,1,10.57
10121,501157,2025-09-28 00:00:00,1,16.19
10056,500807,2026-06-11 00:00:00,3,32.25
10061,500841,2026-07-14 00:00:00,3,26.74
10010,500166,2026-07-02 00:00:00,6,28.34
10014,500222,2025-12-28 00:00:00,3,26.36
10047,500738,2026-06-08 00:00:00,2,25.57
10116,501139,2026-05-12 00:00:00,1,15.99
10025,500421,2026-07-22 00:00:00,5,38.54
10069,500896,2025-12-16 00:00:00,3,32.71
10075,500948,2026-05-12 00:00:00,1,16.43
10003,500044,2026-07-14 00:00:00,2,59.66
10145,501193,2025-09-18 00:00:00,1,7.16
10023,500392,2026-07-11 00:00:00,1,33.07
10099,501059,2026-05-20 00:00:00,3,15.24
10002,500027,2026-07-12 00:00:00,1,24.11
10067,500883,2026-04-29 00:00:00,1,12.44
10114,501129,2026-05-20 00:00:00,1,16.52
10116,501138,2026-05-02 00:00:00,3,18.5
10004,500060,2026-07-29 00:00:00,4,56.99
10119,501147,2026-03-03 00:00:00,2,22.4
10030,500497,2026-05-30 00:00:00,4,16.44
10068,500889,2026-02-10 00:00:00,3,17.29
10047,500728,2026-04-20 00:00:00,3,16.68
10030,500508,2026-07-07 00:00:00,1,59.01
10035,500601,2026-07-10 00:00:00,6,58.06
10018,500303,2026-05-01 00:00:00,3,26.71
10093,501029,2026-01-29 00:00:00,1,14.49
10001,500009,2026-06-22 00:00:00,1,36.41
10079,500975,2026-02-18 00:00:00,2,19.62
10077,500961,2026-05-14 00:00:00,2,27.07
10009,500145,2026-05-04 00:00:00,6,43.39
10013,500215,2026-06-26 00:00:00,2,31.97
10065,500868,2026-04-13 00:00:00,3,22.92
10020,500343,2026-06-10 00:00:00,4,30.49
10002,500016,2025-12-22 00:00:00,6,33.38
10022,500368,2026-01-31 00:00:00,6,59.77
10029,500480,2026-07-09 00:00:00,1,35.47
10060,500825,2026-04-23 00:00:00,3,15.88
10007,500110,2026-06-29 00:00:00,6,48.06
10061,500839,2026-06-07 00:00:00,3,16.59
10035,500583,2026-02-12 00:00:00,6,21.75
10010,500165,2026-05-31 00:00:00,3,51.33
10017,500290,2026-07-12 00:00:00,2,21.48
10032,500542,2026-05-06 00:00:00,2,41.44
10097,501048,2026-04-07 00:00:00,1,11.69
10011,500172,2026-06-24 00:00:00,4,28.47
10005,500078,2026-06-08 00:00:00,6,32.33
10065,500867,2026-04-07 00:00:00,2,34.1
10033,500554,2026-02-06 00:00:00,4,58.48
10114,501126,2026-03-15 00:00:00,2,19.07
10029,500488,2026-07-21 00:00:00,2,36.26
10032,500535,2025-12-13 00:00:00,6,50.31
10006,500082,2026-03-18 00:00:00,5,43.48
10074,500941,2026-07-02 00:00:00,4,26.38
10048,500745,2026-07-16 00:00:00,3,14.61
10030,500505,2026-06-18 00:00:00,2,59.15
10100,501062,2026-04-25 00:00:00,3,12.11
10089,501013,2025-11-29 00:00:00,2,8.5
10113,501118,2025-10-26 00:00:00,2,20.47
10107,501089,2026-01-20 00:00:00,2,8.61
10119,501152,2026-05-16 00:00:00,3,18.2
10093,501032,2026-03-29 00:00:00,2,23.15
10050,500756,2026-07-05 00:00:00,4,20.08
10119,501149,2026-04-05 00:00:00,3,14.1
10053,500777,2026-05-05 00:00:00,3,19.52
10041,500683,2026-05-18 00:00:00,1,31.82
10159,501217,2026-01-20 00:00:00,1,4.75
10080,500981,2026-03-09 00:00:00,2,13.01
10109,501103,2026-05-05 00:00:00,2,16.68
10029,500475,2026-07-04 00:00:00,4,57.89
10110,501104,2025-11-29 00:00:00,2,24.39
10011,500174,2026-07-05 00:00:00,4,50.27
10086,501005,2026-04-12 00:00:00,2,15.92
10153,501206,2025-06-07 00:00:00,2,13.12
10105,501081,2025-12-03 00:00:00,3,7.36
10012,500193,2026-05-31 00:00:00,1,51.59
10087,501006,2026-01-01 00:00:00,2,21.43
10051,500757,2026-03-23 00:00:00,1,29.14
10008,500125,2026-06-22 00:00:00,6,38.41
10042,500691,2026-06-27 00:00:00,1,17.49
10029,500474,2026-07-04 00:00:00,6,44.7
10099,501059,2026-05-20 00:00:00,3,10.66
10010,500158,2026-05-06 00:00:00,3,17.2
10145,501192,2025-03-29 00:00:00,1,13.8
10044,500707,2026-01-28 00:00:00,2,14.28
10029,500489,2026-07-22 00:00:00,2,58.63
10020,500339,2026-01-23 00:00:00,2,28.67
10029,500473,2026-07-03 00:00:00,3,21.75
10012,500186,2026-01-25 00:00:00,3,47.02
10017,500293,2026-07-22 00:00:00,5,16.57
10072,500923,2026-06-10 00:00:00,2,9.28
10025,500417,2026-07-13 00:00:00,4,51.92
10030,500495,2026-05-16 00:00:00,2,45.94
10073,500932,2025-12-18 00:00:00,2,29.49
10047,500733,2026-05-09 00:00:00,2,21.98
10025,500411,2026-06-16 00:00:00,5,50.23
10023,500392,2026-07-11 00:00:00,2,27.06
10031,500528,2026-05-09 00:00:00,3,34.55
10063,500853,2026-05-08 00:00:00,3,16.09
10030,500510,2026-07-12 00:00:00,5,19.08
10055,500795,2026-05-28 00:00:00,4,22.99
10082,500989,2026-04-10 00:00:00,2,15.44
10059,500820,2026-02-03 00:00:00,1,19.7
10005,500068,2026-03-24 00:00:00,1,15.95
10028,500448,2026-01-26 00:00:00,3,49.22
10076,500955,2026-06-12 00:00:00,3,15.84
10030,500508,2026-07-07 00:00:00,1,52.92
10011,500178,2026-07-22 00:00:00,1,58.19
10030,500505,2026-06-18 00:00:00,6,16.91
10021,500349,2026-02-14 00:00:00,5,35.03
10025,500419,2026-07-18 00:00:00,2,37.74
10042,500689,2026-06-13 00:00:00,1,11.65
10030,500496,2026-05-22 00:00:00,2,21.29
10036,500618,2026-07-20 00:00:00,5,27.47
10096,501045,2026-03-11 00:00:00,1,20.02
10005,500074,2026-05-05 00:00:00,1,19.46
10096,501041,2026-02-06 00:00:00,3,15.38
10078,500965,2026-04-19 00:00:00,1,33.73
10051,500764,2026-06-14 00:00:00,1,11.08
10108,501093,2026-01-24 00:00:00,1,20.5
10106,501087,2026-02-05 00:00:00,2,19.4
10060,500829,2026-05-21 00:00:00,1,24.32
10137,501181,2025-10-27 00:00:00,2,3.27
10022,500363,2025-11-27 00:00:00,3,57.56
10034,500579,2026-07-29 00:00:00,2,17.53
10044,500705,2026-01-09 00:00:00,3,9.23
10027,500439,2026-05-07 00:00:00,6,35.13
10040,500674,2026-06-23 00:00:00,2,33.47
10001,500006,2026-04-13 00:00:00,5,23.76
10057,500812,2026-05-11 00:00:00,2,9.16
10120,501154,2026-03-30 00:00:00,1,19.74
10070,500905,2026-05-27 00:00:00,3,30.56
10023,500381,2026-04-11 00:00:00,2,31.24
10019,500323,2026-05-14 00:00:00,4,56.7
10067,500883,2026-04-29 00:00:00,2,9.32
10005,500070,2026-04-11 00:00:00,4,32.71
10026,500425,2026-04-12 00:00:00,6,24.91
10010,500164,2026-05-28 00:00:00,2,54.9
10055,500786,2026-01-05 00:00:00,3,13.09
10073,500935,2026-04-27 00:00:00,4,28.29
10039,500648,2026-04-03 00:00:00,6,56.93
10139,501183,2025-10-23 00:00:00,1,10.04
10001,500007,2026-04-14 00:00:00,3,29.66
10078,500964,2026-04-13 00:00:00,1,11.24
10007,500110,2026-06-29 00:00:00,1,27.18
10065,500867,2026-04-07 00:00:00,2,16.38
10094,501035,2026-01-26 00:00:00,2,5.39
10035,500593,2026-04-26 00:00:00,4,28.38
10051,500763,2026-05-30 00:00:00,4,24.5
10046,500725,2026-06-22 00:00:00,2,14.59
10027,500435,2026-04-22 00:00:00,1,20.4
10016,500265,2026-03-21 00:00:00,4,26.48
10018,500308,2026-07-11 00:00:00,1,55.25
10007,500101,2026-05-30 00:00:00,6,59.96
10095,501037,2025-12-24 00:00:00,3,22.98
10009,500146,2026-05-15 00:00:00,2,56.74
10029,500480,2026-07-09 00:00:00,2,25.06
10063,500859,2026-06-10 00:00:00,4,14.69
10085,500998,2026-03-26 00:00:00,3,15.77
10033,500560,2026-04-12 00:00:00,1,24.73
10017,500282,2026-05-11 00:00:00,5,59.64
10006,500083,2026-03-22 00:00:00,2,48.07
10013,500211,2026-06-15 00:00:00,5,54.53
10029,500466,2026-06-17 00:00:00,1,49.17
10051,500760,2026-04-20 00:00:00,2,14.6
10015,500243,2026-05-29 00:00:00,4,59.49
10048,500744,2026-06-26 00:00:00,3,20.77
10051,500762,2026-05-18 00:00:00,3,31.47
10017,500286,2026-06-07 00:00:00,3,34.11
10035,500603,2026-07-20 00:00:00,3,24.11
10012,500196,2026-07-16 00:00:00,6,30.59
10018,500299,2026-04-04 00:00:00,1,44.41
10116,501135,2025-10-31 00:00:00,1,17.46
10051,500760,2026-04-20 00:00:00,4,20.04
10112,501116,2026-05-23 00:00:00,1,20.13
10025,500416,2026-07-11 00:00:00,1,57.23
10129,501169,2025-11-07 00:00:00,2,18.85
10030,500507,2026-06-27 00:00:00,1,15.73
10037,500628,2026-07-15 00:00:00,1,15.56
10051,500757,2026-03-23 00:00:00,2,25.51
10020,500341,2026-05-19 00:00:00,1,45.07
10107,501091,2026-03-25 00:00:00,3,16.91
10005,500075,2026-05-24 00:00:00,2,51.09
10103,501071,2025-08-09 00:00:00,3,17.37
10063,500859,2026-06-10 00:00:00,3,23.17
10013,500211,2026-06-15 00:00:00,3,48.38
10024,500404,2026-07-22 00:00:00,2,23.8
10019,500318,2026-03-06 00:00:00,6,51.28
10039,500662,2026-06-20 00:00:00,3,53.41
10009,500150,2026-07-09 00:00:00,3,55.65
10013,500203,2026-01-28 00:00:00,1,41.81
10004,500045,2025-11-30 00:00:00,1,26.81
10077,500958,2026-03-28 00:00:00,3,15.65
10150,501201,2025-12-27 00:00:00,1,19.0
10005,500071,2026-04-15 00:00:00,2,54.38
10070,500903,2026-05-01 00:00:00,4,34.04
10053,500773,2026-02-06 00:00:00,1,25.08
10078,500970,2026-06-24 00:00:00,2,11.85
10102,501068,2026-03-17 00:00:00,2,11.89
10105,501080,2025-10-29 00:00:00,3,19.83
10022,500369,2026-02-03 00:00:00,3,33.98
10039,500660,2026-05-23 00:00:00,3,41.19
10060,500827,2026-05-09 00:00:00,4,8.34
10008,500137,2026-07-28 00:00:00,5,34.52
10093,501030,2026-02-10 00:00:00,1,5.62
10111,501108,2025-11-29 00:00:00,2,9.76
10043,500695,2026-05-06 00:00:00,4,34.95
10028,500464,2026-07-17 00:00:00,3,52.48
10081,500986,2026-04-05 00:00:00,1,11.31
10039,500663,2026-07-03 00:00:00,1,41.22
10149,501199,2025-11-13 00:00:00,2,5.07
10076,500952,2026-01-04 00:00:00,2,22.54
10048,500739,2026-04-14 00:00:00,3,27.34
10012,500189,2026-03-20 00:00:00,1,42.91
10010,500168,2026-07-14 00:00:00,6,21.05
10061,500841,2026-07-14 00:00:00,3,16.5
10140,501185,2025-08-31 00:00:00,1,5.09
10033,500559,2026-04-09 00:00:00,4,52.91
10028,500460,2026-06-14 00:00:00,6,25.08
10023,500392,2026-07-11 00:00:00,6,55.05
10102,501069,2026-04-29 00:00:00,3,17.55
10010,500166,2026-07-02 00:00:00,5,21.16
10040,500677,2026-07-03 00:00:00,5,39.98
10010,500162,2026-05-21 00:00:00,4,53.4
10075,500947,2026-04-23 00:00:00,3,15.38
10001,500006,2026-04-13 00:00:00,3,21.94
10028,500453,2026-03-28 00:00:00,3,23.14
10006,500090,2026-05-19 00:00:00,3,49.38
10008,500133,2026-07-18 00:00:00,6,15.48
10066,500878,2026-06-26 00:00:00,2,33.89
10091,501021,2025-11-07 00:00:00,2,11.43
10028,500456,2026-04-30 00:00:00,5,40.65
10008,500133,2026-07-18 00:00:00,5,46.74
10026,500426,2026-04-17 00:00:00,6,40.36
10005,500074,2026-05-05 00:00:00,1,52.51
10010,500161,2026-05-16 00:00:00,2,53.38
10020,500335,2025-11-06 00:00:00,1,51.49
10069,500894,2025-11-26 00:00:00,4,14.93
10150,501202,2026-02-06 00:00:00,1,14.35
10017,500289,2026-07-01 00:00:00,2,48.7
10005,500074,2026-05-05 00:00:00,1,56.62
10004,500059,2026-07-23 00:00:00,1,58.48
10016,500272,2026-05-13 00:00:00,5,36.63
10007,500115,2026-07-15 00:00:00,2,40.76
10022,500369,2026-02-03 00:00:00,1,36.51
10120,501155,2026-04-02 00:00:00,1,22.13
10098,501054,2026-02-10 00:00:00,3,14.53
10010,500165,2026-05-31 00:00:00,5,47.29
10039,500666,2026-07-18 00:00:00,1,32.16
10107,501090,2026-03-21 00:00:00,3,8.14
10053,500780,2026-07-06 00:00:00,4,18.17
10159,501217,2026-01-20 00:00:00,2,6.22
10022,500365,2025-12-15 00:00:00,2,29.43
10026,500427,2026-05-04 00:00:00,3,30.67
10007,500100,2026-05-25 00:00:00,1,27.78
10018,500296,2026-02-27 00:00:00,2,48.82
10029,500478,2026-07-06 00:00:00,4,51.47
10016,500258,2026-02-22 00:00:00,3,20.66
10063,500850,2026-04-26 00:00:00,1,29.94
10062,500843,2026-03-26 00:00:00,3,20.28
10020,500333,2025-10-15 00:00:00,6,27.17
10001,500002,2026-01-16 00:00:00,5,52.02
10060,500832,2026-06-01 00:00:00,1,22.17
10014,500236,2026-06-08 00:00:00,2,22.26
10040,500679,2026-07-18 00:00:00,3,38.83
10001,500003,2026-02-11 00:00:00,2,39.96
10077,500957,2026-03-23 00:00:00,3,24.42
10084,500995,2026-03-08 00:00:00,3,13.46
10017,500281,2026-05-10 00:00:00,4,37.53
10007,500117,2026-07-23 00:00:00,2,57.33
10031,500531,2026-05-29 00:00:00,6,16.91
10016,500278,2026-07-07 00:00:00,1,59.94
10008,500125,2026-06-22 00:00:00,1,37.66
10028,500453,2026-03-28 00:00:00,3,19.28
10059,500821,2026-03-17 00:00:00,2,27.45
10035,500581,2026-01-25 00:00:00,5,31.5
10064,500862,2026-04-20 00:00:00,2,26.68
10150,501202,2026-02-06 00:00:00,2,18.65
10026,500425,2026-04-12 00:00:00,4,52.33
10043,500695,2026-05-06 00:00:00,4,21.3
10092,501027,2026-01-08 00:00:00,2,5.41
10090,501018,2026-05-16 00:00:00,2,8.73
10009,500141,2026-01-24 00:00:00,3,39.28
10020,500340,2026-03-18 00:00:00,6,16.08
10063,500859,2026-06-10 00:00:00,1,16.88
10095,501038,2026-02-03 00:00:00,1,7.55
10120,501154,2026-03-30 00:00:00,3,11.96
10105,501081,2025-12-03 00:00:00,3,19.89
10010,500159,2026-05-06 00:00:00,2,53.62
10048,500742,2026-05-26 00:00:00,3,30.19
10040,500678,2026-07-17 00:00:00,1,27.24
10065,500869,2026-04-15 00:00:00,2,33.17
10021,500352,2026-03-24 00:00:00,4,50.81
10019,500317,2026-03-05 00:00:00,4,16.99
10013,500213,2026-06-22 00:00:00,5,53.95
10018,500306,2026-06-24 00:00:00,1,40.38
10153,501207,2025-12-16 00:00:00,2,12.04
10072,500920,2026-05-17 00:00:00,1,10.55
10019,500321,2026-04-20 00:00:00,2,19.65
10062,500848,2026-07-15 00:00:00,3,27.99
10130,501170,2025-11-16 00:00:00,2,10.45
10007,500117,2026-07-23 00:00:00,4,46.49
10146,501195,2025-10-02 00:00:00,2,8.79
10035,500586,2026-02-22 00:00:00,4,17.13
10077,500959,2026-04-04 00:00:00,4,18.56
10055,500791,2026-04-18 00:00:00,2,12.69
10003,500033,2026-05-05 00:00:00,1,37.08
10084,500996,2026-04-01 00:00:00,1,6.9
10002,500013,2025-12-10 00:00:00,1,20.15
10037,500619,2025-11-08 00:00:00,2,25.47
10005,500076,2026-05-31 00:00:00,4,50.05
10016,500275,2026-05-24 00:00:00,2,51.72
10025,500410,2026-05-22 00:00:00,2,32.96
10106,501085,2025-12-18 00:00:00,3,11.4
10051,500759,2026-04-17 00:00:00,4,15.29
10003,500043,2026-07-11 00:00:00,2,17.02
10038,500632,2026-07-01 00:00:00,1,26.81
10080,500980,2026-02-13 00:00:00,2,10.52
10077,500960,2026-04-08 00:00:00,2,13.94
10063,500858,2026-05-20 00:00:00,4,32.96
10115,501131,2026-03-24 00:00:00,3,22.0
10015,500247,2026-06-29 00:00:00,4,24.54
10108,501096,2026-05-10 00:00:00,1,8.73
10126,501166,2026-01-02 00:00:00,1,10.53
10084,500994,2026-03-05 00:00:00,1,14.34
10060,500829,2026-05-21 00:00:00,4,30.87
10150,501202,2026-02-06 00:00:00,1,16.85
10012,500183,2025-12-10 00:00:00,3,29.99
10023,500379,2026-03-24 00:00:00,4,46.73
10119,501149,2026-04-05 00:00:00,1,18.72
10031,500516,2026-02-18 00:00:00,3,16.75
10031,500518,2026-02-27 00:00:00,2,57.16
10067,500880,2025-11-21 00:00:00,3,31.44
10040,500673,2026-06-22 00:00:00,1,40.04
10079,500976,2026-03-15 00:00:00,2,31.4
10053,500774,2026-02-13 00:00:00,4,12.38
10020,500341,2026-05-19 00:00:00,1,42.84
10012,500184,2025-12-14 00:00:00,3,26.72
10105,501083,2026-04-05 00:00:00,1,7.38
10037,500621,2025-12-06 00:00:00,3,40.35
10003,500040,2026-06-09 00:00:00,5,56.22
10002,500014,2025-12-17 00:00:00,1,43.56
10096,501041,2026-02-06 00:00:00,2,10.6
10016,500269,2026-04-30 00:00:00,5,43.45
10022,500370,2026-02-25 00:00:00,1,41.68
10003,500028,2026-04-09 00:00:00,4,18.8
10020,500329,2025-09-25 00:00:00,1,45.62
10010,500154,2026-04-13 00:00:00,2,33.52
10022,500367,2026-01-24 00:00:00,2,57.15
10067,500882,2026-03-16 00:00:00,3,12.15
10019,500322,2026-05-14 00:00:00,4,33.39
10001,500004,2026-02-19 00:00:00,2,49.11
10039,500646,2026-03-15 00:00:00,3,23.89
10024,500406,2026-07-28 00:00:00,5,33.53
10031,500526,2026-05-05 00:00:00,6,38.93
10011,500170,2026-06-08 00:00:00,4,27.8
10002,500024,2026-05-21 00:00:00,3,58.29
10100,501061,2026-01-24 00:00:00,1,5.84
10004,500056,2026-05-29 00:00:00,1,44.83
10011,500175,2026-07-07 00:00:00,6,51.66
10032,500538,2026-03-17 00:00:00,4,47.45
10008,500122,2026-06-10 00:00:00,2,39.71
10007,500110,2026-06-29 00:00:00,1,21.98
10034,500574,2026-04-15 00:00:00,1,40.81
10070,500906,2026-06-01 00:00:00,1,25.35
10059,500824,2026-06-10 00:00:00,2,34.98
10024,500401,2026-06-22 00:00:00,4,59.73
10033,500547,2025-11-02 00:00:00,1,48.68
10063,500856,2026-05-17 00:00:00,1,31.24
10057,500811,2026-04-10 00:00:00,1,16.34
10108,501094,2026-02-03 00:00:00,1,11.1
10011,500174,2026-07-05 00:00:00,1,50.64
10016,500268,2026-04-18 00:00:00,3,53.43
10008,500119,2026-05-23 00:00:00,6,33.83
10020,500332,2025-10-14 00:00:00,6,31.79
10070,500903,2026-05-01 00:00:00,3,12.31
10102,501070,2026-05-02 00:00:00,3,10.17
10046,500724,2026-06-12 00:00:00,1,20.32
10016,500273,2026-05-13 00:00:00,4,28.02
10102,501070,2026-05-02 00:00:00,3,5.06
10019,500312,2025-11-29 00:00:00,3,31.08
10050,500755,2026-06-09 00:00:00,3,18.25
10111,501112,2026-05-25 00:00:00,1,15.67
10046,500723,2026-05-29 00:00:00,4,27.02
10032,500535,2025-12-13 00:00:00,6,21.39
10075,500944,2025-09-22 00:00:00,3,13.98
10003,500030,2026-04-20 00:00:00,5,56.63
10071,500916,2026-06-28 00:00:00,1,32.03
10004,500048,2026-01-02 00:00:00,3,54.36
10020,500342,2026-06-10 00:00:00,1,35.78
10062,500846,2026-05-20 00:00:00,4,33.5
10110,501105,2025-12-20 00:00:00,2,18.17
10009,500142,2026-02-19 00:00:00,3,55.93
10056,500803,2026-04-07 00:00:00,2,21.05
10012,500181,2025-11-09 00:00:00,1,20.04
10115,501131,2026-03-24 00:00:00,2,6.51
10054,500784,2026-06-23 00:00:00,4,13.03
10044,500708,2026-04-27 00:00:00,1,18.16
10062,500847,2026-07-11 00:00:00,2,11.73
10026,500427,2026-05-04 00:00:00,5,16.39
10036,500605,2026-01-08 00:00:00,4,19.55
10087,501006,2026-01-01 00:00:00,2,7.71
10004,500058,2026-07-04 00:00:00,1,19.77
10002,500022,2026-04-29 00:00:00,1,21.85
10005,500067,2026-03-23 00:00:00,1,21.91
10007,500106,2026-06-14 00:00:00,4,51.07
10048,500745,2026-07-16 00:00:00,3,28.13
10002,500026,2026-07-10 00:00:00,5,27.25
10017,500279,2026-05-07 00:00:00,3,52.46
10003,500034,2026-05-10 00:00:00,4,27.01
10059,500823,2026-06-03 00:00:00,2,20.94
10115,501132,2026-04-27 00:00:00,2,15.12
10105,501082,2026-03-07 00:00:00,2,13.64
10069,500899,2026-05-29 00:00:00,4,19.83
10046,500722,2026-05-09 00:00:00,2,9.56
10006,500096,2026-07-21 00:00:00,6,34.71
10005,500073,2026-05-05 00:00:00,1,38.57
10028,500454,2026-03-29 00:00:00,4,34.44
10024,500403,2026-07-22 00:00:00,5,19.01
10005,500071,2026-04-15 00:00:00,5,16.96
10003,500041,2026-06-24 00:00:00,4,52.34
10057,500808,2025-12-19 00:00:00,2,31.74
10100,501062,2026-04-25 00:00:00,1,7.6
10023,500383,2026-04-20 00:00:00,2,27.28
10016,500278,2026-07-07 00:00:00,1,20.21
10030,500513,2026-07-21 00:00:00,2,53.5
10060,500826,2026-04-29 00:00:00,4,10.31
10030,500495,2026-05-16 00:00:00,1,17.13
10109,501098,2025-09-25 00:00:00,3,10.93
10006,500088,2026-04-24 00:00:00,5,57.57
10008,500127,2026-06-26 00:00:00,5,27.63
10040,500670,2026-06-15 00:00:00,1,26.24
10014,500224,2026-02-14 00:00:00,6,57.88
10060,500831,2026-05-30 00:00:00,1,17.9
10026,500432,2026-06-24 00:00:00,3,38.92
10041,500686,2026-06-16 00:00:00,1,33.51
10066,500877,2026-06-01 00:00:00,3,21.41
10004,500051,2026-03-11 00:00:00,2,20.93
10062,500842,2026-03-22 00:00:00,1,21.7
10025,500407,2026-04-27 00:00:00,2,55.84
10022,500374,2026-07-23 00:00:00,5,31.69
10071,500911,2026-05-01 00:00:00,1,14.67
10074,500942,2026-07-03 00:00:00,2,10.11
10004,500054,2026-04-29 00:00:00,1,48.25
10013,500217,2026-07-11 00:00:00,4,36.04
10003,500039,2026-05-27 00:00:00,5,27.66
10018,500298,2026-03-28 00:00:00,3,59.57
10116,501139,2026-05-12 00:00:00,2,7.72
10071,500910,2026-03-13 00:00:00,3,17.45
10036,500617,2026-07-07 00:00:00,5,37.44
10028,500464,2026-07-17 00:00:00,4,28.64
10039,500667,2026-07-23 00:00:00,2,51.88
10116,501136,2025-12-31 00:00:00,2,19.0
10113,501123,2026-05-06 00:00:00,2,14.87
10110,501105,2025-12-20 00:00:00,1,8.03
10023,500385,2026-05-07 00:00:00,4,56.85
10030,500498,2026-06-01 00:00:00,2,19.89
10012,500194,2026-06-28 00:00:00,2,33.63
10008,500121,2026-06-03 00:00:00,4,46.59
10102,501069,2026-04-29 00:00:00,3,15.41
10008,500136,2026-07-21 00:00:00,4,32.67
10040,500668,2026-06-13 00:00:00,2,22.67
10075,500948,2026-05-12 00:00:00,1,13.58
10005,500063,2026-03-11 00:00:00,3,26.15
10013,500218,2026-07-24 00:00:00,5,22.33
10020,500345,2026-07-09 00:00:00,2,44.33
10008,500128,2026-06-28 00:00:00,4,22.78
10097,501049,2026-05-08 00:00:00,2,9.37
10056,500801,2026-01-17 00:00:00,3,28.52
10160,501218,2025-11-15 00:00:00,1,9.04
10004,500049,2026-01-08 00:00:00,2,49.98
10069,500895,2025-12-09 00:00:00,1,29.38
10002,500018,2026-01-18 00:00:00,5,27.66
10098,501053,2026-01-30 00:00:00,2,18.11
10113,501123,2026-05-06 00:00:00,1,5.97
10014,500225,2026-03-04 00:00:00,6,39.88
10048,500744,2026-06-26 00:00:00,4,13.67
10022,500366,2026-01-22 00:00:00,1,25.29
10071,500916,2026-06-28 00:00:00,1,14.49
10103,501071,2025-08-09 00:00:00,2,6.18
10001,500001,2025-12-23 00:00:00,5,20.77
10084,500995,2026-03-08 00:00:00,3,6.61
10033,500550,2025-12-16 00:00:00,1,26.45
10033,500555,2026-03-05 00:00:00,4,55.94
10068,500889,2026-02-10 00:00:00,1,15.9
10003,500042,2026-06-28 00:00:00,2,28.09
10050,500751,2026-02-19 00:00:00,2,15.21
10073,500931,2025-12-17 00:00:00,2,23.64
10020,500346,2026-07-11 00:00:00,1,16.62
10125,501165,2025-08-20 00:00:00,1,16.25
10113,501122,2026-04-19 00:00:00,2,7.83
10031,500525,2026-04-29 00:00:00,1,24.1
10048,500740,2026-04-14 00:00:00,3,15.51
10023,500388,2026-06-08 00:00:00,1,37.24
10063,500857,2026-05-18 00:00:00,2,22.27
10084,500993,2026-01-12 00:00:00,2,6.44
10072,500925,2026-06-24 00:00:00,1,16.94
10016,500265,2026-03-21 00:00:00,2,29.42
10025,500416,2026-07-11 00:00:00,6,54.45
10013,500205,2026-02-22 00:00:00,2,32.83
10012,500193,2026-05-31 00:00:00,4,59.31
10074,500937,2026-06-06 00:00:00,2,14.71
10078,500966,2026-05-22 00:00:00,1,19.3
10004,500055,2026-05-05 00:00:00,1,56.74
10061,500835,2026-05-08 00:00:00,3,18.6
10153,501207,2025-12-16 00:00:00,2,13.12
10021,500351,2026-03-17 00:00:00,1,52.35
10075,500944,2025-09-22 00:00:00,3,16.77
10025,500419,2026-07-18 00:00:00,1,25.73
10037,500622,2026-01-03 00:00:00,5,43.18
10003,500031,2026-04-25 00:00:00,3,41.59
10039,500657,2026-05-16 00:00:00,1,25.16
10026,500429,2026-05-20 00:00:00,6,54.86
10079,500975,2026-02-18 00:00:00,3,22.71
10038,500635,2026-07-06 00:00:00,3,40.09
10007,500114,2026-07-14 00:00:00,4,50.28
10005,500076,2026-05-31 00:00:00,5,39.12
10032,500542,2026-05-06 00:00:00,3,22.03
10012,500188,2026-03-19 00:00:00,6,15.42
10093,501029,2026-01-29 00:00:00,3,12.66
10034,500572,2026-02-16 00:00:00,5,26.82
10130,501170,2025-11-16 00:00:00,1,11.62
10101,501065,2025-09-26 00:00:00,1,16.79
10038,500642,2026-07-17 00:00:00,6,44.37
10038,500637,2026-07-08 00:00:00,4,46.35
10109,501099,2025-10-12 00:00:00,1,22.56
10072,500919,2026-04-19 00:00:00,1,19.49
10001,500005,2026-03-26 00:00:00,3,55.19
10014,500226,2026-03-17 00:00:00,3,53.06
10021,500361,2026-07-07 00:00:00,1,40.59
10008,500131,2026-07-06 00:00:00,4,31.42
10027,500444,2026-07-12 00:00:00,1,40.6
10060,500825,2026-04-23 00:00:00,2,27.91
10012,500195,2026-07-13 00:00:00,4,18.51
10076,500950,2025-12-08 00:00:00,4,23.23
10131,501172,2026-01-05 00:00:00,2,13.95
10056,500804,2026-05-18 00:00:00,2,12.43
10028,500458,2026-05-08 00:00:00,2,37.51
10029,500467,2026-06-22 00:00:00,1,29.24
10023,500379,2026-03-24 00:00:00,1,50.2
10115,501130,2026-03-21 00:00:00,2,21.97
10014,500233,2026-05-23 00:00:00,3,53.09
10072,500919,2026-04-19 00:00:00,1,27.92
10036,500614,2026-04-22 00:00:00,4,42.39
10035,500585,2026-02-13 00:00:00,1,21.78
10029,500485,2026-07-13 00:00:00,5,55.77
10016,500257,2026-02-14 00:00:00,2,30.41
10068,500888,2026-02-09 00:00:00,1,31.0
10023,500375,2026-02-10 00:00:00,6,19.98
10002,500021,2026-04-03 00:00:00,5,35.78
10027,500438,2026-05-07 00:00:00,1,43.39
10022,500372,2026-05-12 00:00:00,1,44.17
10016,500277,2026-06-11 00:00:00,3,52.76
10035,500603,2026-07-20 00:00:00,5,59.9
10040,500675,2026-06-28 00:00:00,5,50.31
10021,500355,2026-05-06 00:00:00,3,32.62
10074,500941,2026-07-02 00:00:00,3,29.4
10087,501007,2026-04-04 00:00:00,2,10.3
10084,500997,2026-04-09 00:00:00,3,11.79
10043,500695,2026-05-06 00:00:00,2,26.35
10034,500574,2026-04-15 00:00:00,2,37.41
10031,500518,2026-02-27 00:00:00,5,42.29
10012,500187,2026-03-01 00:00:00,1,21.22
10020,500342,2026-06-10 00:00:00,1,38.5
10046,500725,2026-06-22 00:00:00,4,27.14
10104,501076,2026-03-20 00:00:00,3,7.49
10011,500179,2026-07-23 00:00:00,1,26.07
10029,500488,2026-07-21 00:00:00,6,37.94
10024,500395,2026-05-14 00:00:00,6,56.1
10022,500373,2026-05-28 00:00:00,2,44.81
10041,500684,2026-05-30 00:00:00,4,31.48
10031,500520,2026-04-05 00:00:00,1,39.0
10029,500490,2026-07-26 00:00:00,6,24.88
10014,500238,2026-07-15 00:00:00,4,37.08
10020,500337,2025-12-31 00:00:00,4,42.32
10120,501153,2026-03-25 00:00:00,1,6.55
10117,501142,2026-03-10 00:00:00,2,13.94
10044,500708,2026-04-27 00:00:00,3,28.72
10053,500779,2026-06-30 00:00:00,4,9.53
10073,500934,2026-01-27 00:00:00,1,27.36
10103,501074,2026-03-09 00:00:00,3,21.81
10055,500787,2026-01-08 00:00:00,2,26.14
10040,500668,2026-06-13 00:00:00,5,55.16
10079,500979,2026-06-10 00:00:00,4,11.75
10101,501064,2025-09-25 00:00:00,1,16.8
10046,500723,2026-05-29 00:00:00,2,23.33
10048,500742,2026-05-26 00:00:00,3,12.33
10055,500790,2026-02-15 00:00:00,3,14.95
10093,501031,2026-02-28 00:00:00,1,10.0
10038,500629,2026-06-20 00:00:00,6,39.45
10065,500872,2026-07-12 00:00:00,1,28.15
10038,500631,2026-06-24 00:00:00,5,27.83
10140,501185,2025-08-31 00:00:00,2,4.25
10116,501138,2026-05-02 00:00:00,1,24.47
10037,500620,2025-11-11 00:00:00,2,21.56
10028,500447,2026-01-12 00:00:00,3,48.43
10003,500041,2026-06-24 00:00:00,1,31.69
10035,500588,2026-03-06 00:00:00,1,18.23
10025,500412,2026-06-16 00:00:00,1,56.28
10073,500928,2025-11-02 00:00:00,1,30.13
10020,500344,2026-06-25 00:00:00,6,33.22
10104,501078,2026-04-02 00:00:00,3,20.32
10121,501157,2025-09-28 00:00:00,2,19.62
10003,500029,2026-04-15 00:00:00,2,29.84
10005,500072,2026-04-26 00:00:00,3,25.65
10034,500571,2026-02-10 00:00:00,6,16.47
10029,500472,2026-07-01 00:00:00,5,15.5
10029,500469,2026-06-26 00:00:00,1,15.98
10025,500417,2026-07-13 00:00:00,2,48.51
10046,500726,2026-06-25 00:00:00,4,8.2
10080,500985,2026-06-26 00:00:00,4,27.3
10053,500777,2026-05-05 00:00:00,3,33.49
10036,500610,2026-02-21 00:00:00,6,47.55
10016,500258,2026-02-22 00:00:00,5,45.04
10152,501205,2025-11-22 00:00:00,2,16.39
10011,500174,2026-07-05 00:00:00,4,36.43
10012,500193,2026-05-31 00:00:00,3,29.33
10031,500516,2026-02-18 00:00:00,1,24.62
10044,500702,2025-10-24 00:00:00,1,13.94
10028,500451,2026-03-15 00:00:00,5,56.48
10025,500420,2026-07-21 00:00:00,4,32.78
10143,501190,2026-02-05 00:00:00,1,13.71
10015,500242,2026-05-24 00:00:00,1,33.02
10064,500863,2026-04-22 00:00:00,1,34.75
10098,501055,2026-02-22 00:00:00,3,21.0
10117,501141,2026-02-24 00:00:00,2,21.99
10097,501048,2026-04-07 00:00:00,1,18.69
10088,501009,2026-04-22 00:00:00,3,10.86
10020,500335,2025-11-06 00:00:00,4,31.85
10006,500091,2026-05-21 00:00:00,5,37.15
10049,500746,2026-04-03 00:00:00,2,28.27
10034,500576,2026-06-06 00:00:00,5,54.07
10002,500020,2026-01-29 00:00:00,5,22.51
10055,500790,2026-02-15 00:00:00,1,33.3
10022,500364,2025-12-14 00:00:00,3,39.32
10004,500047,2025-12-13 00:00:00,1,52.4
10006,500088,2026-04-24 00:00:00,1,41.55
10036,500604,2025-12-15 00:00:00,5,39.19
10027,500441,2026-06-25 00:00:00,3,26.09
10080,500980,2026-02-13 00:00:00,2,25.53
10109,501101,2026-02-02 00:00:00,3,12.63
10114,501126,2026-03-15 00:00:00,1,20.4
10142,501189,2026-02-25 00:00:00,1,4.47
10033,500545,2025-10-19 00:00:00,4,44.42
10073,500935,2026-04-27 00:00:00,3,10.29
10034,500579,2026-07-29 00:00:00,6,52.6
10039,500667,2026-07-23 00:00:00,1,59.41
10089,501011,2025-10-18 00:00:00,1,20.78
10041,500682,2026-05-15 00:00:00,4,27.55
10016,500262,2026-03-17 00:00:00,2,27.38
10064,500862,2026-04-20 00:00:00,2,30.18
10016,500256,2026-02-08 00:00:00,5,37.9
10079,500977,2026-05-03 00:00:00,4,13.6
10044,500704,2025-12-19 00:00:00,1,26.46
10052,500769,2026-03-25 00:00:00,1,13.28
10063,500858,2026-05-20 00:00:00,2,23.19
10011,500171,2026-06-20 00:00:00,4,55.91
10112,501116,2026-05-23 00:00:00,1,16.78
10035,500596,2026-05-29 00:00:00,2,38.74
10002,500015,2025-12-20 00:00:00,4,40.16
10054,500782,2026-04-09 00:00:00,3,31.18
10036,500612,2026-03-19 00:00:00,1,23.69
10077,500956,2026-02-23 00:00:00,2,25.35
10024,500402,2026-07-10 00:00:00,6,24.36
10029,500478,2026-07-06 00:00:00,4,42.47
10046,500719,2026-03-05 00:00:00,4,24.48
10006,500089,2026-05-11 00:00:00,1,40.76
10090,501015,2026-03-22 00:00:00,1,15.8
10063,500860,2026-06-11 00:00:00,2,8.19
10035,500600,2026-07-02 00:00:00,6,29.51
10054,500783,2026-06-04 00:00:00,1,17.55
10038,500631,2026-06-24 00:00:00,6,46.17
10100,501060,2025-12-13 00:00:00,1,24.97
10028,500461,2026-07-01 00:00:00,5,41.21
10015,500251,2026-07-12 00:00:00,1,32.68
10029,500482,2026-07-10 00:00:00,5,56.66
10033,500548,2025-11-02 00:00:00,6,21.14
10031,500519,2026-03-04 00:00:00,5,47.11
10018,500302,2026-04-26 00:00:00,5,16.2
10023,500379,2026-03-24 00:00:00,1,36.65
10020,500338,2026-01-18 00:00:00,3,33.79
10008,500120,2026-05-25 00:00:00,2,40.76
10022,500372,2026-05-12 00:00:00,5,34.27
10158,501216,2026-02-20 00:00:00,2,8.28
10035,500595,2026-05-10 00:00:00,2,36.92
10034,500579,2026-07-29 00:00:00,6,19.0
10138,501182,2025-08-01 00:00:00,1,14.97
10093,501032,2026-03-29 00:00:00,3,5.13
10111,501110,2026-05-04 00:00:00,3,22.29
10029,500473,2026-07-03 00:00:00,2,55.68
10036,500607,2026-02-02 00:00:00,2,41.65
10031,500532,2026-06-16 00:00:00,3,32.67
10067,500881,2025-12-02 00:00:00,4,19.67
10004,500057,2026-06-27 00:00:00,2,56.62
10031,500531,2026-05-29 00:00:00,6,27.42
10017,500293,2026-07-22 00:00:00,4,22.56
10035,500585,2026-02-13 00:00:00,5,53.14
10035,500589,2026-03-24 00:00:00,6,15.49
10057,500809,2026-01-12 00:00:00,4,22.93
10051,500763,2026-05-30 00:00:00,1,17.11
10051,500757,2026-03-23 00:00:00,1,31.94
10028,500449,2026-03-01 00:00:00,5,37.13
10029,500479,2026-07-09 00:00:00,2,19.63
10031,500526,2026-05-05 00:00:00,3,37.69
10079,500974,2025-12-19 00:00:00,2,18.69
10083,500992,2026-04-07 00:00:00,3,6.75
10153,501206,2025-06-07 00:00:00,2,6.19
10027,500446,2026-07-29 00:00:00,2,42.47
10005,500075,2026-05-24 00:00:00,6,50.08
10147,501197,2025-08-31 00:00:00,1,11.18
10105,501079,2025-08-13 00:00:00,2,22.85
10026,500428,2026-05-12 00:00:00,3,26.59
10057,500808,2025-12-19 00:00:00,4,20.76
10045,500714,2026-05-03 00:00:00,2,8.55
10022,500373,2026-05-28 00:00:00,4,43.4
10022,500366,2026-01-22 00:00:00,3,47.49
10123,501160,2025-10-14 00:00:00,1,6.29
10014,500230,2026-03-23 00:00:00,5,28.32
10008,500135,2026-07-19 00:00:00,6,40.02
10003,500039,2026-05-27 00:00:00,2,47.71
10038,500632,2026-07-01 00:00:00,3,42.8
10014,500223,2026-01-05 00:00:00,2,55.57
10013,500199,2025-12-10 00:00:00,4,55.38
10095,501038,2026-02-03 00:00:00,3,18.99
10006,500092,2026-06-07 00:00:00,3,33.84
10031,500523,2026-04-15 00:00:00,1,23.68
10118,501144,2025-09-15 00:00:00,1,9.01
10089,501012,2025-11-23 00:00:00,1,17.94
10042,500690,2026-06-18 00:00:00,2,10.79
10085,500999,2026-04-01 00:00:00,3,8.23
10079,500973,2025-11-15 00:00:00,3,21.81
10018,500307,2026-07-03 00:00:00,4,17.97
10003,500030,2026-04-20 00:00:00,2,41.15
10079,500973,2025-11-15 00:00:00,1,31.37
10039,500653,2026-04-22 00:00:00,2,28.1
10073,500932,2025-12-18 00:00:00,3,19.91
10027,500439,2026-05-07 00:00:00,5,30.57
10027,500436,2026-04-27 00:00:00,1,20.96
10007,500111,2026-06-30 00:00:00,1,59.11
10009,500141,2026-01-24 00:00:00,3,36.72
10055,500787,2026-01-08 00:00:00,1,24.31
10067,500882,2026-03-16 00:00:00,1,30.62
10044,500705,2026-01-09 00:00:00,2,29.25
10072,500925,2026-06-24 00:00:00,2,26.48
10002,500019,2026-01-22 00:00:00,4,44.89
10117,501141,2026-02-24 00:00:00,2,11.62
10036,500609,2026-02-20 00:00:00,2,35.08
10020,500340,2026-03-18 00:00:00,6,35.87
10091,501022,2025-12-17 00:00:00,3,15.01
10124,501163,2026-01-06 00:00:00,1,8.84
10097,501046,2026-03-19 00:00:00,2,7.27
10030,500492,2026-05-08 00:00:00,5,52.92
10056,500799,2025-11-18 00:00:00,1,17.58
10033,500561,2026-04-14 00:00:00,6,33.91
10067,500879,2025-11-17 00:00:00,4,22.67
10023,500375,2026-02-10 00:00:00,2,27.27
10007,500099,2026-05-24 00:00:00,2,50.16
10028,500464,2026-07-17 00:00:00,6,59.35
10014,500231,2026-04-24 00:00:00,1,49.76
10078,500968,2026-06-04 00:00:00,1,34.65
10046,500720,2026-04-27 00:00:00,4,10.39
10020,500345,2026-07-09 00:00:00,6,34.31
10023,500384,2026-05-05 00:00:00,3,28.63
10124,501163,2026-01-06 00:00:00,2,7.02
10111,501109,2026-03-09 00:00:00,3,20.81
10022,500371,2026-03-05 00:00:00,6,36.11
10112,501116,2026-05-23 00:00:00,1,15.31
10044,500709,2026-07-01 00:00:00,2,16.66
10013,500208,2026-05-13 00:00:00,3,55.03
10033,500548,2025-11-02 00:00:00,6,31.58
10052,500767,2026-01-29 00:00:00,4,10.26
10062,500845,2026-05-08 00:00:00,4,23.03
10053,500773,2026-02-06 00:00:00,2,12.31
10025,500418,2026-07-14 00:00:00,5,27.95
10134,501176,2026-02-03 00:00:00,1,7.66
10080,500985,2026-06-26 00:00:00,1,24.02
10019,500319,2026-03-08 00:00:00,2,59.04
10005,500061,2026-02-26 00:00:00,2,31.84
10013,500210,2026-06-01 00:00:00,6,24.55
10146,501195,2025-10-02 00:00:00,2,13.25
10060,500830,2026-05-26 00:00:00,3,33.49
10029,500489,2026-07-22 00:00:00,1,31.6
10085,500998,2026-03-26 00:00:00,3,9.82
10019,500312,2025-11-29 00:00:00,3,42.47
10147,501197,2025-08-31 00:00:00,1,10.52
10004,500046,2025-12-01 00:00:00,6,25.84
10026,500428,2026-05-12 00:00:00,6,57.53
10022,500370,2026-02-25 00:00:00,2,43.69
10147,501196,2025-07-08 00:00:00,1,6.83
10023,500380,2026-04-06 00:00:00,2,51.93
10015,500255,2026-07-23 00:00:00,6,16.81
10038,500643,2026-07-19 00:00:00,5,18.99
10080,500983,2026-06-10 00:00:00,4,13.66
10039,500667,2026-07-23 00:00:00,6,54.37
10060,500833,2026-06-03 00:00:00,4,22.06
10001,500006,2026-04-13 00:00:00,3,16.97
10013,500200,2026-01-03 00:00:00,6,39.13
10009,500144,2026-04-17 00:00:00,4,32.93
10145,501193,2025-09-18 00:00:00,2,12.94
10031,500533,2026-07-04 00:00:00,3,54.57
10076,500954,2026-04-22 00:00:00,4,24.86
10035,500598,2026-06-23 00:00:00,5,19.36
10047,500729,2026-04-25 00:00:00,1,14.01
10058,500816,2026-03-08 00:00:00,3,21.05
10076,500951,2025-12-08 00:00:00,4,15.56
10149,501200,2026-01-01 00:00:00,2,6.68
10118,501145,2026-03-19 00:00:00,1,14.48
10047,500734,2026-05-20 00:00:00,2,32.68
10021,500352,2026-03-24 00:00:00,6,57.45
10111,501112,2026-05-25 00:00:00,3,22.01
10086,501002,2026-02-08 00:00:00,2,6.75
10056,500798,2025-10-19 00:00:00,2,26.93
10139,501183,2025-10-23 00:00:00,2,13.09
10136,501179,2026-02-23 00:00:00,1,15.4
10021,500352,2026-03-24 00:00:00,1,52.9
10099,501058,2026-04-13 00:00:00,1,14.3
10064,500866,2026-06-08 00:00:00,2,29.32
10026,500429,2026-05-20 00:00:00,4,48.57
10051,500759,2026-04-17 00:00:00,1,24.14
10006,500085,2026-04-08 00:00:00,6,19.28
10028,500452,2026-03-17 00:00:00,3,36.07
10015,500254,2026-07-17 00:00:00,3,30.42
10008,500132,2026-07-08 00:00:00,3,28.99
10071,500916,2026-06-28 00:00:00,1,32.53
10011,500169,2026-06-03 00:00:00,3,48.84
10140,501185,2025-08-31 00:00:00,1,5.65
10031,500522,2026-04-14 00:00:00,1,19.87
10016,500264,2026-03-18 00:00:00,4,57.88
10041,500681,2026-05-01 00:00:00,4,13.04
10030,500511,2026-07-16 00:00:00,6,37.61
10023,500387,2026-05-12 00:00:00,3,18.65
10119,501148,2026-03-11 00:00:00,3,16.49
10014,500222,2025-12-28 00:00:00,5,19.98
10100,501062,2026-04-25 00:00:00,2,5.15
10023,500385,2026-05-07 00:00:00,3,25.62
10081,500986,2026-04-05 00:00:00,2,18.9
10037,500626,2026-03-18 00:00:00,4,58.11
10035,500603,2026-07-20 00:00:00,1,39.27
10024,500405,2026-07-27 00:00:00,5,43.9
10033,500562,2026-04-29 00:00:00,2,30.26
10076,500952,2026-01-04 00:00:00,4,28.75
10071,500915,2026-06-16 00:00:00,3,9.55
10016,500267,2026-04-13 00:00:00,5,42.46
10072,500917,2026-02-22 00:00:00,4,16.0
10002,500012,2025-11-24 00:00:00,5,50.13
10011,500178,2026-07-22 00:00:00,1,19.64
10124,501162,2025-07-13 00:00:00,2,13.29
10039,500644,2026-03-13 00:00:00,2,51.87
10039,500659,2026-05-20 00:00:00,2,35.13
10061,500836,2026-05-19 00:00:00,4,16.88
10017,500283,2026-05-15 00:00:00,6,38.24
10011,500171,2026-06-20 00:00:00,6,41.58
10013,500216,2026-06-27 00:00:00,4,42.39
10015,500240,2026-05-24 00:00:00,3,56.26
10007,500112,2026-07-05 00:00:00,5,17.45
10028,500460,2026-06-14 00:00:00,5,26.27
10036,500616,2026-07-05 00:00:00,6,54.76
10109,501098,2025-09-25 00:00:00,3,9.73
10030,500509,2026-07-08 00:00:00,3,17.33
10029,500485,2026-07-13 00:00:00,6,58.66
10071,500909,2026-01-27 00:00:00,3,9.4
10004,500048,2026-01-02 00:00:00,4,23.84
10030,500508,2026-07-07 00:00:00,3,29.58
10031,500534,2026-07-27 00:00:00,1,26.58
10033,500545,2025-10-19 00:00:00,5,18.02
10108,501095,2026-03-20 00:00:00,1,17.27
10030,500502,2026-06-06 00:00:00,3,33.96
10063,500861,2026-06-15 00:00:00,1,17.84
10006,500082,2026-03-18 00:00:00,6,44.37
10018,500299,2026-04-04 00:00:00,3,54.38
10048,500744,2026-06-26 00:00:00,3,34.44
10021,500358,2026-06-04 00:00:00,2,24.84
10036,500609,2026-02-20 00:00:00,4,41.61
10028,500452,2026-03-17 00:00:00,3,58.3
10015,500248,2026-07-07 00:00:00,5,59.7
10017,500289,2026-07-01 00:00:00,5,37.11
10034,500571,2026-02-10 00:00:00,6,33.15
10033,500560,2026-04-12 00:00:00,6,16.64
10016,500263,2026-03-18 00:00:00,2,45.36
10019,500326,2026-06-24 00:00:00,3,19.26
10100,501060,2025-12-13 00:00:00,3,14.57
10063,500855,2026-05-15 00:00:00,1,9.55
10030,500510,2026-07-12 00:00:00,6,26.96
10082,500988,2026-04-06 00:00:00,1,13.64
10034,500577,2026-06-13 00:00:00,3,40.55
10119,501147,2026-03-03 00:00:00,3,7.49
10005,500062,2026-03-08 00:00:00,4,54.04
10023,500375,2026-02-10 00:00:00,1,21.95
10115,501131,2026-03-24 00:00:00,3,20.81
10089,501011,2025-10-18 00:00:00,1,16.72
10032,500539,2026-03-20 00:00:00,2,18.04
10073,500928,2025-11-02 00:00:00,1,21.9
10025,500421,2026-07-22 00:00:00,6,26.1
10005,500065,2026-03-18 00:00:00,5,19.74
10020,500337,2025-12-31 00:00:00,6,34.12
10113,501119,2025-12-08 00:00:00,3,16.02
10118,501144,2025-09-15 00:00:00,1,9.42
10146,501195,2025-10-02 00:00:00,1,5.55
10019,500328,2026-07-11 00:00:00,3,24.65
10012,500186,2026-01-25 00:00:00,2,17.19
10008,500136,2026-07-21 00:00:00,3,18.6
10002,500023,2026-05-11 00:00:00,4,18.94
10030,500499,2026-06-01 00:00:00,2,35.54
10027,500442,2026-06-29 00:00:00,5,29.86
10023,500390,2026-06-25 00:00:00,6,25.13
10036,500612,2026-03-19 00:00:00,3,37.73
10033,500563,2026-05-17 00:00:00,1,49.39
10001,500002,2026-01-16 00:00:00,4,34.95
10057,500814,2026-06-04 00:00:00,2,17.14
10032,500536,2026-01-15 00:00:00,5,26.86
10026,500423,2026-02-24 00:00:00,4,32.23
10021,500348,2026-02-09 00:00:00,1,40.54
10067,500880,2025-11-21 00:00:00,4,18.29
10034,500575,2026-05-21 00:00:00,5,34.28
10018,500297,2026-03-01 00:00:00,1,18.87
10002,500025,2026-06-06 00:00:00,5,50.04
10026,500429,2026-05-20 00:00:00,2,38.91
10089,501014,2026-03-22 00:00:00,2,16.48
10073,500933,2025-12-27 00:00:00,1,21.79
10025,500422,2026-07-31 00:00:00,2,50.79
10033,500558,2026-04-04 00:00:00,4,47.55
10035,500584,2026-02-13 00:00:00,4,21.02
10079,500974,2025-12-19 00:00:00,2,16.23
10029,500490,2026-07-26 00:00:00,2,35.88
10013,500202,2026-01-24 00:00:00,1,44.86
10001,500010,2026-06-24 00:00:00,6,52.47
10021,500349,2026-02-14 00:00:00,2,28.98
10002,500018,2026-01-18 00:00:00,3,40.07
10124,501162,2025-07-13 00:00:00,2,7.41
10016,500268,2026-04-18 00:00:00,2,39.5
10028,500465,2026-07-28 00:00:00,3,55.77
10074,500942,2026-07-03 00:00:00,4,33.97
10078,500968,2026-06-04 00:00:00,2,20.52
10016,500276,2026-05-26 00:00:00,6,22.55
10066,500875,2026-03-07 00:00:00,4,23.4
10146,501194,2025-08-13 00:00:00,1,9.59
10008,500126,2026-06-25 00:00:00,4,37.24
10024,500396,2026-05-20 00:00:00,5,45.5
10045,500714,2026-05-03 00:00:00,1,13.85
10006,500082,2026-03-18 00:00:00,2,38.97
10064,500865,2026-06-06 00:00:00,1,29.38
10019,500322,2026-05-14 00:00:00,3,34.42
10131,501172,2026-01-05 00:00:00,1,3.07
10041,500680,2026-04-23 00:00:00,1,17.74
10017,500294,2026-07-25 00:00:00,1,53.74
10070,500902,2026-03-04 00:00:00,2,24.61
10073,500930,2025-11-23 00:00:00,3,32.49
10099,501057,2026-04-08 00:00:00,3,6.41
10005,500068,2026-03-24 00:00:00,5,22.86
10154,501209,2025-11-22 00:00:00,1,19.67
10092,501026,2026-01-04 00:00:00,2,23.17
10030,500494,2026-05-16 00:00:00,1,54.83
10007,500099,2026-05-24 00:00:00,1,56.33
10034,500570,2026-01-09 00:00:00,2,37.33
10030,500499,2026-06-01 00:00:00,2,51.46
10021,500357,2026-05-20 00:00:00,5,35.07
10019,500314,2026-02-03 00:00:00,1,19.49
10006,500094,2026-06-20 00:00:00,4,31.39
10010,500153,2026-04-04 00:00:00,6,35.92
10031,500530,2026-05-20 00:00:00,5,42.11
10120,501153,2026-03-25 00:00:00,3,23.88
10031,500534,2026-07-27 00:00:00,2,37.61
10037,500624,2026-02-14 00:00:00,6,52.31
10001,500008,2026-05-31 00:00:00,3,23.53
10155,501210,2025-12-01 00:00:00,2,5.7
10017,500280,2026-05-10 00:00:00,4,34.06
10020,500338,2026-01-18 00:00:00,1,50.76
10111,501109,2026-03-09 00:00:00,3,14.18
10113,501121,2026-03-19 00:00:00,2,15.06
10051,500761,2026-05-05 00:00:00,3,8.44
10029,500485,2026-07-13 00:00:00,2,39.76
10024,500403,2026-07-22 00:00:00,1,48.62
10007,500115,2026-07-15 00:00:00,4,21.53
10100,501060,2025-12-13 00:00:00,1,22.25
10072,500923,2026-06-10 00:00:00,4,16.08
10152,501204,2025-10-25 00:00:00,2,15.88
10101,501065,2025-09-26 00:00:00,3,13.06
10065,500869,2026-04-15 00:00:00,2,30.32
10031,500524,2026-04-16 00:00:00,3,19.04
10014,500237,2026-07-03 00:00:00,6,49.98
10029,500483,2026-07-12 00:00:00,2,56.83
10154,501208,2025-05-13 00:00:00,2,15.61
10020,500329,2025-09-25 00:00:00,6,16.19
10116,501137,2026-03-19 00:00:00,3,22.14
10036,500612,2026-03-19 00:00:00,1,57.49
10034,500580,2026-07-31 00:00:00,4,25.56
10046,500719,2026-03-05 00:00:00,4,24.68
10112,501113,2026-04-24 00:00:00,2,20.41
10053,500774,2026-02-13 00:00:00,2,16.97
10143,501190,2026-02-05 00:00:00,2,7.74
10039,500654,2026-04-29 00:00:00,4,59.69
10129,501169,2025-11-07 00:00:00,2,4.11
10058,500818,2026-06-10 00:00:00,2,15.44
10006,500086,2026-04-11 00:00:00,4,18.8
10066,500875,2026-03-07 00:00:00,2,31.06
10029,500484,2026-07-13 00:00:00,4,15.54
10141,501188,2026-01-04 00:00:00,1,14.15
10027,500443,2026-07-07 00:00:00,6,53.54
10080,500981,2026-03-09 00:00:00,1,13.15
10078,500964,2026-04-13 00:00:00,4,11.01
10004,500052,2026-03-24 00:00:00,1,20.48
10120,501155,2026-04-02 00:00:00,3,14.43
10008,500130,2026-06-30 00:00:00,3,21.91
10004,500055,2026-05-05 00:00:00,5,20.57
10047,500733,2026-05-09 00:00:00,4,28.97
10047,500731,2026-04-26 00:00:00,1,29.56
10062,500844,2026-03-27 00:00:00,2,31.39
10018,500301,2026-04-21 00:00:00,4,52.28
10019,500323,2026-05-14 00:00:00,5,32.62
10065,500870,2026-06-13 00:00:00,2,27.04
10103,501072,2025-08-25 00:00:00,1,21.8
10013,500205,2026-02-22 00:00:00,2,42.48
10034,500578,2026-07-21 00:00:00,1,17.99
10064,500862,2026-04-20 00:00:00,4,8.03
10098,501052,2026-01-16 00:00:00,2,22.36
10123,501160,2025-10-14 00:00:00,1,11.61
10014,500228,2026-03-18 00:00:00,1,22.21
10040,500668,2026-06-13 00:00:00,4,36.08
10097,501048,2026-04-07 00:00:00,3,8.63
10027,500444,2026-07-12 00:00:00,5,46.0
10142,501189,2026-02-25 00:00:00,2,16.69
10019,500322,2026-05-14 00:00:00,6,41.52
10116,501134,2025-08-28 00:00:00,3,8.64
10072,500918,2026-03-06 00:00:00,4,31.71
10008,500134,2026-07-19 00:00:00,2,22.37
10061,500835,2026-05-08 00:00:00,4,11.13
10047,500729,2026-04-25 00:00:00,1,14.6
10113,501121,2026-03-19 00:00:00,2,14.63
10088,501008,2026-01-31 00:00:00,3,18.38
10072,500924,2026-06-21 00:00:00,3,14.59
10020,500330,2025-09-29 00:00:00,3,53.35
10121,501156,2025-08-18 00:00:00,1,11.13
10086,501004,2026-03-18 00:00:00,2,15.22
10015,500249,2026-07-10 00:00:00,2,17.79
10074,500943,2026-07-08 00:00:00,1,33.19
10068,500891,2026-07-05 00:00:00,3,21.61
10005,500077,2026-06-05 00:00:00,2,53.59
10053,500779,2026-06-30 00:00:00,1,27.48
10090,501017,2026-05-01 00:00:00,1,6.46
10043,500693,2026-04-30 00:00:00,4,30.86
10147,501196,2025-07-08 00:00:00,1,14.82
10020,500338,2026-01-18 00:00:00,1,52.7
10072,500921,2026-05-22 00:00:00,2,33.71
10007,500097,2026-05-21 00:00:00,1,15.55
10034,500575,2026-05-21 00:00:00,2,21.24
10019,500315,2026-03-04 00:00:00,1,42.88
10112,501117,2026-05-24 00:00:00,1,13.62
10081,500987,2026-05-15 00:00:00,3,11.9
10007,500102,2026-06-03 00:00:00,4,55.37
10009,500150,2026-07-09 00:00:00,6,42.92
10023,500387,2026-05-12 00:00:00,3,55.89
10013,500202,2026-01-24 00:00:00,2,52.63
10005,500066,2026-03-20 00:00:00,5,28.97
10007,500104,2026-06-07 00:00:00,6,16.63
10025,500422,2026-07-31 00:00:00,6,56.3
10047,500729,2026-04-25 00:00:00,3,34.64
10068,500891,2026-07-05 00:00:00,3,21.89
10065,500869,2026-04-15 00:00:00,4,23.24
10066,500876,2026-04-15 00:00:00,1,27.39
10141,501188,2026-01-04 00:00:00,1,16.18
10034,500578,2026-07-21 00:00:00,5,27.96
10063,500852,2026-05-05 00:00:00,4,21.8
10070,500902,2026-03-04 00:00:00,1,24.27
10026,500430,2026-05-20 00:00:00,3,26.06
10057,500810,2026-01-25 00:00:00,2,21.2
10020,500330,2025-09-29 00:00:00,5,37.34
10001,500001,2025-12-23 00:00:00,5,35.27
10109,501102,2026-04-10 00:00:00,3,18.07
10021,500356,2026-05-18 00:00:00,1,18.48
10061,500837,2026-05-21 00:00:00,1,17.62
10039,500651,2026-04-16 00:00:00,4,34.29
10125,501164,2025-05-14 00:00:00,2,3.84
10052,500770,2026-04-22 00:00:00,4,28.54
10075,500949,2026-06-17 00:00:00,1,8.54
10034,500569,2025-12-29 00:00:00,1,23.13
10137,501181,2025-10-27 00:00:00,1,10.28
10060,500834,2026-06-05 00:00:00,2,30.19
10091,501022,2025-12-17 00:00:00,2,20.42
10020,500340,2026-03-18 00:00:00,4,46.06
10021,500349,2026-02-14 00:00:00,3,17.84
10038,500633,2026-07-03 00:00:00,5,48.6
10010,500161,2026-05-16 00:00:00,5,55.3
10020,500334,2025-10-15 00:00:00,2,58.44
10047,500727,2026-04-19 00:00:00,3,13.61
10049,500749,2026-05-06 00:00:00,1,16.81
10022,500362,2025-11-27 00:00:00,6,30.66
10039,500647,2026-03-29 00:00:00,6,54.49
10070,500907,2026-07-10 00:00:00,1,10.87
10029,500490,2026-07-26 00:00:00,4,48.04
10039,500657,2026-05-16 00:00:00,2,32.84
10044,500710,2026-07-17 00:00:00,3,33.37
10045,500714,2026-05-03 00:00:00,2,11.2
10116,501138,2026-05-02 00:00:00,1,11.07
10051,500758,2026-03-27 00:00:00,2,12.09
10096,501041,2026-02-06 00:00:00,3,22.69
10053,500775,2026-03-31 00:00:00,1,13.21
10063,500854,2026-05-15 00:00:00,3,24.74
10041,500684,2026-05-30 00:00:00,3,26.2
10145,501192,2025-03-29 00:00:00,1,10.52
10148,501198,2026-01-16 00:00:00,2,11.48
10061,500841,2026-07-14 00:00:00,2,25.48
10031,500527,2026-05-08 00:00:00,1,52.99
10024,500402,2026-07-10 00:00:00,1,38.35
10058,500815,2026-02-01 00:00:00,1,24.06
10073,500931,2025-12-17 00:00:00,3,14.89
10067,500884,2026-05-25 00:00:00,3,29.47
10035,500594,2026-05-05 00:00:00,6,56.94
10031,500530,2026-05-20 00:00:00,4,49.66
10016,500278,2026-07-07 00:00:00,2,49.85
10063,500861,2026-06-15 00:00:00,4,9.09
10134,501176,2026-02-03 00:00:00,2,8.37
10069,500901,2026-07-19 00:00:00,4,11.87
10080,500984,2026-06-18 00:00:00,4,19.49
10004,500050,2026-02-01 00:00:00,6,37.53
10030,500514,2026-07-22 00:00:00,3,38.88
10017,500291,2026-07-13 00:00:00,2,18.04
10026,500434,2026-07-07 00:00:00,3,41.04
10050,500753,2026-03-18 00:00:00,2,9.74
10077,500962,2026-07-12 00:00:00,4,26.25
10031,500521,2026-04-06 00:00:00,1,26.91
10007,500106,2026-06-14 00:00:00,2,17.58
10012,500198,2026-07-31 00:00:00,4,46.86
10027,500438,2026-05-07 00:00:00,2,38.5
10013,500201,2026-01-17 00:00:00,4,27.29
10133,501174,2025-08-20 00:00:00,2,18.58
10031,500517,2026-02-26 00:00:00,3,25.73
10050,500753,2026-03-18 00:00:00,2,14.21
10029,500486,2026-07-18 00:00:00,5,53.24
10056,500799,2025-11-18 00:00:00,3,28.19
10078,500970,2026-06-24 00:00:00,2,25.91
10108,501095,2026-03-20 00:00:00,1,16.84
10024,500406,2026-07-28 00:00:00,4,56.55
10069,500898,2026-04-29 00:00:00,2,31.48
10016,500257,2026-02-14 00:00:00,4,33.37
10023,500393,2026-07-21 00:00:00,4,57.25
10076,500953,2026-02-09 00:00:00,3,22.71
10007,500104,2026-06-07 00:00:00,5,23.92
10112,501114,2026-05-13 00:00:00,1,14.1
10101,501066,2026-04-17 00:00:00,2,14.44
10121,501156,2025-08-18 00:00:00,2,14.37
10072,500922,2026-05-23 00:00:00,3,24.21
10012,500191,2026-04-30 00:00:00,6,15.21
10013,500210,2026-06-01 00:00:00,6,36.14
10065,500872,2026-07-12 00:00:00,3,28.24
10012,500197,2026-07-17 00:00:00,3,22.45
10053,500772,2025-12-11 00:00:00,2,25.72
10035,500582,2026-02-02 00:00:00,3,29.71
10051,500758,2026-03-27 00:00:00,3,21.38
10094,501036,2026-05-15 00:00:00,2,19.14
10034,500577,2026-06-13 00:00:00,1,18.11
10043,500692,2026-04-15 00:00:00,3,10.03
10003,500032,2026-05-01 00:00:00,3,50.22
10098,501055,2026-02-22 00:00:00,3,5.42
10035,500592,2026-04-24 00:00:00,5,55.16
10015,500252,2026-07-12 00:00:00,6,29.36
10012,500191,2026-04-30 00:00:00,2,42.86
10116,501137,2026-03-19 00:00:00,1,9.36
10023,500385,2026-05-07 00:00:00,5,37.41
10119,501150,2026-04-19 00:00:00,2,11.81
10024,500400,2026-06-01 00:00:00,3,52.58
10032,500536,2026-01-15 00:00:00,2,41.29
10027,500443,2026-07-07 00:00:00,5,18.5
10011,500170,2026-06-08 00:00:00,3,25.58
10140,501186,2025-09-26 00:00:00,2,10.22
10030,500512,2026-07-19 00:00:00,6,26.65
10038,500642,2026-07-17 00:00:00,6,28.29
10014,500230,2026-03-23 00:00:00,6,33.22
10025,500412,2026-06-16 00:00:00,2,53.29
10133,501174,2025-08-20 00:00:00,1,19.44
10030,500501,2026-06-03 00:00:00,1,38.18
10089,501013,2025-11-29 00:00:00,1,13.13
10007,500104,2026-06-07 00:00:00,1,44.53
10006,500086,2026-04-11 00:00:00,5,57.12
10056,500803,2026-04-07 00:00:00,3,19.86
10021,500358,2026-06-04 00:00:00,1,24.26
10051,500760,2026-04-20 00:00:00,1,18.1
10033,500566,2026-07-09 00:00:00,4,28.84
10030,500514,2026-07-22 00:00:00,6,23.39
10057,500808,2025-12-19 00:00:00,3,17.33
10086,501003,2026-02-17 00:00:00,1,23.05
10118,501146,2026-03-30 00:00:00,1,10.46
10002,500018,2026-01-18 00:00:00,1,28.21
10023,500391,2026-06-28 00:00:00,6,59.77
10049,500749,2026-05-06 00:00:00,2,33.6
10044,500705,2026-01-09 00:00:00,3,15.3
10107,501092,2026-05-22 00:00:00,3,22.5
10042,500689,2026-06-13 00:00:00,3,21.88
10096,501044,2026-03-06 00:00:00,3,17.29
10008,500124,2026-06-15 00:00:00,5,54.89
10098,501054,2026-02-10 00:00:00,2,10.27
10147,501196,2025-07-08 00:00:00,2,20.0
10019,500310,2025-11-12 00:00:00,4,21.06
10039,500653,2026-04-22 00:00:00,6,54.67
10114,501128,2026-04-24 00:00:00,1,8.21
10099,501058,2026-04-13 00:00:00,3,24.18
10020,500333,2025-10-15 00:00:00,4,22.23
10053,500774,2026-02-13 00:00:00,4,20.26
10038,500638,2026-07-09 00:00:00,1,16.17
10079,500972,2025-10-10 00:00:00,1,18.11
10017,500290,2026-07-12 00:00:00,6,21.91
10007,500098,2026-05-24 00:00:00,6,34.9
10072,500926,2026-07-10 00:00:00,1,19.85
10030,500491,2026-05-05 00:00:00,3,27.83
10097,501047,2026-03-30 00:00:00,1,6.42
10032,500540,2026-04-05 00:00:00,4,26.64
10015,500241,2026-05-24 00:00:00,1,42.37
10023,500378,2026-03-18 00:00:00,3,28.87
10125,501164,2025-05-14 00:00:00,1,6.56
10001,500011,2026-07-12 00:00:00,5,52.45
10014,500232,2026-05-13 00:00:00,2,19.52
10035,500594,2026-05-05 00:00:00,2,45.69
10135,501178,2026-01-13 00:00:00,2,10.43
10029,500483,2026-07-12 00:00:00,4,56.62
10036,500610,2026-02-21 00:00:00,6,38.39
10052,500767,2026-01-29 00:00:00,4,20.57
10154,501208,2025-05-13 00:00:00,2,6.87
10023,500388,2026-06-08 00:00:00,5,36.47
10064,500864,2026-05-15 00:00:00,4,32.36
10005,500071,2026-04-15 00:00:00,5,37.7
10107,501091,2026-03-25 00:00:00,3,5.39
10050,500752,2026-02-24 00:00:00,4,24.27
10010,500167,2026-07-06 00:00:00,4,46.54
10037,500621,2025-12-06 00:00:00,2,24.68
10014,500235,2026-06-05 00:00:00,4,26.18
10111,501107,2025-09-14 00:00:00,3,18.09
10061,500838,2026-06-03 00:00:00,3,26.3
10033,500547,2025-11-02 00:00:00,3,57.74
10033,500566,2026-07-09 00:00:00,4,16.78
10039,500652,2026-04-21 00:00:00,2,47.25
10026,500432,2026-06-24 00:00:00,1,43.82
